x,y,r,v 
0.4377978342632787,-0.2015896183435805,-0.0047750242528517      
0.6886842603677513,-0.2094726768746504,-0.004681120920872, 0.0
0.939570686472224,-0.21735573540572029,-0.0045872175888923, 0.0
1.1904571125766967,-0.2252387939367902,-0.0044933142569126, 0.0
1.4413435386811693,-0.2331218524678601,-0.0043994109249329, 0.0
1.69226639946538,-0.23985495995567557,-0.004263636832470124, 0.0
1.9431892602495904,-0.24658806744349104,-0.00412786274000735, 0.0
2.194112121033801,-0.2533211749313065,-0.003992088647544575, 0.0
2.4450349818180115,-0.260054282419122,-0.0038563145550818, 0.0
2.695977648105961,-0.2661228030101178,-0.0036759998801647, 0.0
2.9469203143939104,-0.2721913236011137,-0.0034956852052476003, 0.0
3.1978629806818604,-0.2782598441921096,-0.0033153705303305, 0.0
3.44880564696981,-0.2843283647831054,-0.0031350558554134, 0.0
3.6997514895854993,-0.2902176626237165,-0.002911768060503225    , 0.0        
3.9506973322011882,-0.29610696046432766,-0.00268848026559305, 0.0
4.201643174816878,-0.3019962583049388,-0.002465192470682875, 0.0
4.452589017432567,-0.3078855561455499,-0.0022419046757727, 0.0
4.703521407200011,-0.31408099538221174,-0.0019817643017754497, 0.0
4.954453796967456,-0.32027643461887356,-0.0017216239277782, 0.0
5.2053861867349,-0.3264718738555354,-0.0014614835537809499, 0.0
5.456318576502344,-0.3326673130921972,-0.0012013431797837, 0.0
5.7071835168784935,-0.3406898208055221,-0.0009153092963879157, 0.0
5.958048457254643,-0.34871232851884704,-0.0006292754129921315, 0.0
6.208913397630792,-0.356734836232172,-0.00034324152959634723, 0.0
6.459778338006942,-0.3647573439454969,-5.7207646200562986e-05, 0.0
6.710600289239392,-0.3739598089557496,0.00023877046942367774, 0.0
6.961422240471842,-0.38316227396600233,0.0005347485850479185, 0.0
7.2122441917042925,-0.392364738976255,0.0008307267006721591, 0.0
7.463066142936743,-0.4015672039865077,0.0011267048162964, 0.0
7.713867779333354,-0.4113224124709244,0.001412162794506475, 0.0
7.964669415729966,-0.42107762095534107,0.00169762077271655, 0.0
8.215471052126578,-0.4308328294397577,0.001983078750926625, 0.0
8.466272688523189,-0.4405880379241744,0.0022685367291367, 0.0
8.717074147723741,-0.4520161282139981,0.002520025867821575, 0.0
8.967875606924295,-0.46344421850382184,0.0027715150065064503, 0.0
9.218677066124847,-0.47487230879364556,0.0030230041451913253, 0.0
9.4694785253254,-0.4863003990834693,0.0032744932838762, 0.0
9.72028045147397,-0.49829428226972206,0.003468350351323475, 0.0
9.97108237762254,-0.5102881654559748,0.00366220741877075, 0.0
10.221884303771109,-0.5222820486422276,0.0038560644862180252, 0.0
10.47268622991968,-0.5342759318284803,0.0040499215536653, 0.0
10.723469110769033,-0.5440669335648534,0.004166081553248, 0.0
10.974251991618384,-0.5538579353012263,0.0042822415528307005, 0.0
11.225034872467738,-0.5636489370375992,0.0043984015524134, 0.0
11.475817753317092,-0.5734399387739723,0.0045145615519961, 0.0
11.726593167977633,-0.5790703863602218,0.00454063562823015, 0.0
11.977368582638173,-0.5847008339464714,0.0045667097044642, 0.0
12.228143997298712,-0.590331281532721,0.00459278378069825, 0.0
12.478919411959254,-0.5959617291189705,0.0046188578569323, 0.0
12.729682215856329,-0.5954872677380642,0.004553191751167125, 0.0
12.980445019753404,-0.5950128063571578,0.00448752564540195, 0.0
13.23120782365048,-0.5945383449762514,0.004421859539636775, 0.0
13.481970627547556,-0.594063883595345,0.0043561934338716, 0.0
13.73271961310284,-0.5897017399525988,0.0042086727062039244, 0.0
13.983468598658128,-0.5853395963098526,0.00406115197853625, 0.0
14.234217584213413,-0.5809774526671063,0.003913631250868575, 0.0
14.484966569768698,-0.5766153090243601,0.0037661105232009, 0.0
14.735704319275492,-0.5705149894694217,0.00355622778047935, 0.0
14.986442068782283,-0.5644146699144833,0.0033463450377578, 0.0
15.237179818289075,-0.5583143503595449,0.0031364622950362502, 0.0
15.487917567795868,-0.5522140308046065,0.0029265795523147, 0.0
15.73864931675011,-0.5463457847260025,0.0026793068757815248, 0.0
15.989381065704352,-0.5404775386473986,0.00243203419924835, 0.0
16.240112814658595,-0.5346092925687945,0.002184761522715175, 0.0
16.490844563612836,-0.5287410464901905,0.001937488846182, 0.0
16.741613982100844,-0.5242210822613288,0.001678211052252325, 0.0
16.99238340058885,-0.5197011180324671,0.00141893325832265, 0.0
17.243152819076858,-0.5151811538036054,0.001159655464392975, 0.0
17.493922237564867,-0.5106611895747437,0.0009003776704633, 0.0
17.744756477141568,-0.5087025470016657,0.0006503052653049055, 0.0
17.99559071671827,-0.5067439044285877,0.00040023286014651113, 0.0
18.246424956294966,-0.5047852618555096,0.00015016045498811672, 0.0
18.497259195871667,-0.5028266192824317,-9.99119501702777e-05, 0.0
18.748164874678253,-0.5051412124768438,-0.0003266527154398083, 0.0
18.999070553484838,-0.5074558056712561,-0.0005533934807093389, 0.0
19.249976232291424,-0.5097703988656683,-0.0007801342459788694, 0.0
19.50088191109801,-0.5120849920600805,-0.0010068750112484, 0.0
19.75184068204854,-0.5169720844949935,-0.001203737519231775, 0.0
20.00279945299907,-0.5218591769299066,-0.00140060002721515, 0.0
20.253758223949603,-0.5267462693648195,-0.0015974625351985248, 0.0
20.504716994900136,-0.5316333617997325,-0.0017943250431819, 0.0
20.75569704653286,-0.5368115076467123,-0.0019603969313645, 0.0
21.006677098165582,-0.541989653493692,-0.0021264688195471, 0.0
21.257657149798305,-0.5471677993406717,-0.0022925407077297004, 0.0
21.50863720143103,-0.5523459451876515,-0.0024586125959123, 0.0
21.75963558003214,-0.5568883558925175,-0.0025950234167077, 0.0
22.010633958633253,-0.5614307665973837,-0.0027314342375031, 0.0
22.261632337234367,-0.5659731773022497,-0.0028678450582985, 0.0
22.512630715835478,-0.5705155880071158,-0.0030042558790939, 0.0
22.763632935474917,-0.5726382021337116,-0.0031102739386469, 0.0
23.014635155114355,-0.5747608162603075,-0.0032162919981999, 0.0
23.26563737475379,-0.5768834303869033,-0.0033223100577529, 0.0
23.51663959439323,-0.5790060445134991,-0.0034283281173059, 0.0
23.767653081402052,-0.5796913621425925,-0.0034984879301552, 0.0
24.01866656841088,-0.580376679771686,-0.0035686477430045, 0.0
24.269680055419705,-0.5810619974007796,-0.0036388075558537996, 0.0
24.52069354242853,-0.581747315029873,-0.0037089673687031, 0.0
24.771716468113702,-0.5805759685439246,-0.0037321333847415497, 0.0
25.022739393798872,-0.579404622057976,-0.0037552994007799996, 0.0
25.273762319484046,-0.5782332755720276,-0.00377846541681845, 0.0
25.52478524516922,-0.5770619290860792,-0.0038016314328569, 0.0
25.775797662535442,-0.5754576237454667,-0.00376229010677115, 0.0
26.026810079901665,-0.5738533184048543,-0.0037229487806854002, 0.0
26.277822497267884,-0.5722490130642419,-0.0036836074545996502, 0.0
26.528834914634107,-0.5706447077236294,-0.0036442661285139, 0.0
26.77981571879327,-0.5700804363982943,-0.003525751129563175, 0.0
27.030796522952432,-0.5695161650729593,-0.00340723613061245, 0.0
27.281777327111595,-0.5689518937476243,-0.003288721131661725, 0.0
27.532758131270757,-0.5683876224222892,-0.003170206132711, 0.0
27.783701624264094,-0.5693770049462707,-0.002959131340976425, 0.0
28.034645117257426,-0.5703663874702521,-0.00274805654924185, 0.0
28.285588610250763,-0.5713557699942335,-0.002536981757507275, 0.0
28.5365321032441,-0.572345152518215,-0.0023259069657727, 0.0
28.787437151270968,-0.5752131173735979,-0.0020168999325879, 0.0
29.038342199297837,-0.5780810822289808,-0.0017078928994031, 0.0
29.289247247324703,-0.5809490470843638,-0.0013988858662183, 0.0
29.54015229535157,-0.5838170119397467,-0.0010898788330335, 0.0
29.791015680175057,-0.5890115722254134,-0.0006897563672012501, 0.0
30.041879064998547,-0.5942061325110801,-0.00028963390136900013, 0.0
30.292742449822033,-0.5994006927967468,0.00011048856446324975, 0.0
30.54360583464552,-0.6045952530824136,0.0005106110302955, 0.0
30.794442377491144,-0.6120456529063227,0.0009799362057978, 0.0
31.045278920336774,-0.6194960527302319,0.0014492613813000999, 0.0
31.296115463182403,-0.626946452554141,0.0019185865568024, 0.0
31.54695200602803,-0.6343968523780502,0.0023879117323047, 0.0
31.79777569177108,-0.644196717083405,0.0028883458699431, 0.0
32.04859937751414,-0.6539965817887597,0.0033887800075814998, 0.0
32.29942306325719,-0.6637964464941145,0.0038892141452198997, 0.0
32.55024674900024,-0.6735963111994693,0.0043896482828583, 0.0
32.801072446176136,-0.6843802748582652,0.004867978289926024, 0.0
33.05189814335204,-0.6951642385170612,0.00534630829699375, 0.0
33.302723840527946,-0.7059482021758572,0.005824638304061475, 0.0
33.553549537703844,-0.7167321658346532,0.0063029683111292, 0.0
33.80440696611034,-0.7264654092757146,0.0066940207020395, 0.0
34.05526439451684,-0.7361986527167759,0.0070850730929498, 0.0
34.30612182292334,-0.7459318961578373,0.0074761254838601, 0.0
34.556979251329835,-0.7556651395988987,0.0078671778747704, 0.0
34.807887969023994,-0.7630093780732495,0.00809858427371845, 0.0
35.05879668671815,-0.7703536165476004,0.0083299906726665, 0.0
35.309705404412306,-0.7776978550219513,0.00856139707161455, 0.0
35.560614122106465,-0.7850420934963022,0.0087928034705626, 0.0
35.81154657716273,-0.789606051236126,0.008790585422596048, 0.0
36.06247903221899,-0.79417000897595,0.0087883673746295, 0.0
36.31341148727525,-0.7987339667157739,0.00878614932666295, 0.0
36.56434394233152,-0.8032979244555978,0.0087839312786964, 0.0
36.815281159239575,-0.8037988002559152,0.008478084329525624, 0.0
37.06621837614763,-0.8042996760562326,0.00817223738035485, 0.0
37.31715559305568,-0.8048005518565501,0.007866390431184075, 0.0
37.56809280996374,-0.8053014276568675,0.0075605434820133, 0.0
37.819084806171595,-0.8021670935751456,0.0068900049459095, 0.0
38.07007680237945,-0.7990327594934237,0.0062194664098057, 0.0
38.321068798587305,-0.7958984254117016,0.0055489278737019, 0.0
38.57206079479516,-0.7927640913299797,0.0048783893375981, 0.0
38.82301243106585,-0.78893838560447,0.003795211512792525, 0.0
39.07396406733653,-0.7851126798789603,0.00271203368798695, 0.0
39.32491570360722,-0.7812869741534505,0.0016288558631813747, 0.0
39.5758673398779,-0.7774612684279408,0.0005456780383758, 0.0
39.8267253295601,-0.7765273644182596,-0.0009811884040591252, 0.0
40.077583319242294,-0.7755934604085785,-0.00250805484649405, 0.0
40.32844130892449,-0.7746595563988973,-0.004034921288928975, 0.0
40.579299298606685,-0.7737256523892161,-0.0055617877313639, 0.0
40.83010543633439,-0.7758595627922471,-0.0075424628628665506, 0.0
41.08091157406211,-0.7779934731952781,-0.009523137994369199, 0.0
41.33171771178982,-0.7801273835983091,-0.01150381312587185, 0.0
41.58252384951753,-0.7822612940013401,-0.0134844882573745, 0.0
41.83388187742745,-0.7803480016251692,-0.015903894321826977, 0.0
42.085239905337374,-0.778434709248998,-0.01832330038627945, 0.0
42.336597933247305,-0.776521416872827,-0.020742706450731924, 0.0
42.58795596115723,-0.7746081244966561,-0.0231621125151844, 0.0
42.839072852699175,-0.7751433604111531,-0.025976613555360427, 0.0
43.09018974424113,-0.7756785963256501,-0.02879111459553645, 0.0
43.341306635783084,-0.776213832240147,-0.03160561563571247, 0.0
43.59242352732503,-0.776749068154644,-0.0344201166758885, 0.0
43.843401501128,-0.7828380390872782,-0.03755675181300482, 0.0
44.094379474930975,-0.7889270100199126,-0.040693386950121146, 0.0
44.34535744873394,-0.7950159809525469,-0.04383002208723748, 0.0
44.59633542253691,-0.8011049518851812,-0.0469666572243538, 0.0
44.84973432537961,-0.8100853236554117,-0.050326212188369, 0.0
45.103133228222305,-0.8190656954256423,-0.0536857671523842, 0.0
45.356532131064995,-0.8280460671958728,-0.0570453221163994, 0.0
45.60993103390769,-0.8370264389661034,-0.0604048770804146, 0.0
45.858393251883015,-0.8616393302072017,-0.06386906753630057, 0.0
46.106855469858345,-0.8862522214483,-0.06733325799218655, 0.0
46.35531768783367,-0.9108651126893983,-0.07079744844807252, 0.0
46.60377990580899,-0.9354780039304966,-0.0742616389039585, 0.0
46.84544026972836,-0.9802766381216488,-0.07770349863212503, 0.0
47.08710063364772,-1.025075272312801,-0.08114535836029155, 0.0
47.32876099756708,-1.0698739065039529,-0.08458721808845807, 0.0
47.570421361486446,-1.114672540695105,-0.0880290778166246, 0.0
47.8054912801796,-1.1826274000026824,-0.0913246258872432, 0.0
48.040561198872766,-1.2505822593102598,-0.09462017395786179, 0.0
48.27563111756592,-1.3185371186178372,-0.0979157220284804, 0.0
48.51070103625908,-1.3864919779254146,-0.101211270099099, 0.0
48.74096667167707,-1.4806991903090005,-0.10425037151903825, 0.0
48.971232307095065,-1.5749064026925867,-0.1072894729389775, 0.0
49.20149794251306,-1.6691136150761727,-0.11032857435891674, 0.0
49.43176357793105,-1.7633208274597587,-0.113367675778856, 0.0
49.6506582887049,-1.8879508421806976,-0.11606276590550926, 0.0
49.869552999478756,-2.0125808569016366,-0.11875785603216255, 0.0
50.08844771025261,-2.137210871622576,-0.12145294615881583, 0.0
50.30734242102646,-2.261840886343515,-0.1241480362854691, 0.0
50.50892513921589,-2.4147843144641055,-0.12644022791495016, 0.0
50.71050785740532,-2.5677277425846956,-0.12873241954443124, 0.0
50.91209057559475,-2.7206711707052857,-0.13102461117391231, 0.0
51.11367329378418,-2.8736145988258763,-0.1333168028033934, 0.0
51.28291187100915,-3.048509619283803,-0.1351791814996674, 0.0
51.45215044823411,-3.22340463974173,-0.13704156019594138, 0.0
51.62138902545907,-3.3982996601996573,-0.1389039388922154, 0.0
51.79062760268403,-3.573194680657584,-0.1407663175884894, 0.0
51.93133168803001,-3.774178191213421,-0.14220399388312038, 0.0
52.072035773376,-3.9751617017692578,-0.14364167017775137, 0.0
52.21273985872199,-4.176145212325095,-0.14507934647238233, 0.0
52.35344394406797,-4.377128722880932,-0.1465170227670133, 0.0
52.45844164538458,-4.595893188231616,-0.14756322134870775, 0.0
52.56343934670119,-4.814657653582301,-0.14860941993040222, 0.0
52.66843704801779,-5.033422118932985,-0.14965561851209666, 0.0
52.773434749334406,-5.2521865842836695,-0.1507018170937911, 0.0
52.839919484406906,-5.4806470044278,-0.15140941571373934, 0.0
52.906404219479406,-5.709107424571929,-0.15211701433368754, 0.0
52.972888954551905,-5.937567844716059,-0.15282461295363575, 0.0
53.039373689624405,-6.16602826486019,-0.153532211573584, 0.0
53.06954030096982,-6.411393592760584,-0.153960915831757, 0.0
53.09970691231523,-6.6567589206609785,-0.15438962008993, 0.0
53.12987352366064,-6.902124248561373,-0.154818324348103, 0.0
53.16004013500606,-7.147489576461767,-0.155247028606276, 0.0
53.159813621191034,-7.402323086993736,-0.15544788855599231, 0.0
53.159587107376005,-7.657156597525704,-0.1556487485057086, 0.0
53.159360593560976,-7.911990108057672,-0.1558496084554249, 0.0
53.159134079745954,-8.16682361858964,-0.1560504684051412, 0.0
53.132018841759724,-8.420565749230477,-0.15605134229672712, 0.0
53.104903603773494,-8.67430787987131,-0.15605221618831305, 0.0
53.077788365787264,-8.928050010512145,-0.15605309007989898, 0.0
53.05067312780103,-9.18179214115298,-0.1560539639714849, 0.0
52.9977024746608,-9.425271248981666,-0.1558503643723374, 0.0
52.94473182152056,-9.66875035681035,-0.1556467647731899, 0.0
52.89176116838033,-9.912229464639033,-0.1554431651740424, 0.0
52.83879051524009,-10.155708572467718,-0.1552395655748949, 0.0
52.75407143669517,-10.383211300698395,-0.15479373130047347, 0.0
52.66935235815025,-10.610714028929074,-0.15434789702605206, 0.0
52.58463327960532,-10.838216757159751,-0.15390206275163062, 0.0
52.4999142010604,-11.065719485390428,-0.1534562284772092, 0.0
52.38359892531956,-11.27628540465135,-0.15270401099118153, 0.0
52.267283649578715,-11.486851323912273,-0.1519517935051539, 0.0
52.15096837383787,-11.697417243173193,-0.15119957601912626, 0.0
52.03465309809703,-11.907983162434116,-0.1504473585330986, 0.0
51.88263494143412,-12.100723043486594,-0.1493100953759757, 0.0
51.7306167847712,-12.293462924539075,-0.1481728322188528, 0.0
51.57859862810828,-12.486202805591553,-0.1470355690617299, 0.0
51.42658047144537,-12.678942686644032,-0.145898305904607, 0.0
51.2510939939217,-12.855828273985598,-0.14429689527561643, 0.0
51.07560751639802,-13.032713861327164,-0.14269548464662585, 0.0
50.90012103887435,-13.20959944866873,-0.14109407401763527, 0.0
50.72463456135068,-13.386485036010296,-0.1394926633886447, 0.0
50.51988777549802,-13.541453203086888,-0.1373624905051922, 0.0
50.315140989645364,-13.696421370163481,-0.1352323176217397, 0.0
50.11039420379271,-13.851389537240076,-0.1331021447382872, 0.0
49.905647417940045,-14.006357704316668,-0.1309719718548347, 0.0
49.682533666026686,-14.119708350348901,-0.12827768878239085, 0.0
49.45941991411333,-14.233058996381134,-0.125583405709947, 0.0
49.23630616219998,-14.346409642413366,-0.12288912263750315, 0.0
49.01319241028662,-14.4597602884456,-0.1201948395650593, 0.0
48.784146748522254,-14.532473940604438,-0.11694254424232868, 0.0
48.55510108675789,-14.605187592763276,-0.11369024891959806, 0.0
48.32605542499352,-14.677901244922115,-0.11043795359686742, 0.0
48.09700976322915,-14.750614897080954,-0.1071856582741368, 0.0
47.863501722926316,-14.785619975722183,-0.10342873283402627, 0.0
47.62999368262348,-14.820625054363411,-0.09967180739391575, 0.0
47.39648564232065,-14.85563013300464,-0.09591488195380522, 0.0
47.16297760201781,-14.890635211645868,-0.0921579565136947, 0.0
46.92568068135752,-14.899733525530825,-0.08799375061906763, 0.0
46.688383760697235,-14.908831839415782,-0.08382954472444054, 0.0
46.45108684003695,-14.91793015330074,-0.07966533882981347, 0.0
46.21378991937666,-14.927028467185696,-0.0755011329351864, 0.0
45.97215887080226,-14.91859872872277,-0.0710586300176888, 0.0
45.730527822227856,-14.910168990259844,-0.0666161271001912, 0.0
45.48889677365345,-14.901739251796917,-0.0621736241826936, 0.0
45.24726572507905,-14.89330951333399,-0.057731121265196, 0.0
45.00166656696207,-14.874351127666134,-0.0531530205042635, 0.0
44.756067408845084,-14.855392741998276,-0.048574919743331, 0.0
44.5104682507281,-14.83643435633042,-0.043996818982398496, 0.0
44.26486909261112,-14.817475970662564,-0.039418718221466, 0.0
44.01710627402847,-14.80896811205777,-0.03484354037627645, 0.0
43.76934345544582,-14.800460253452975,-0.030268362531086897, 0.0
43.52158063686317,-14.791952394848183,-0.02569318468589735, 0.0
43.27381781828052,-14.783444536243389,-0.0211180068407078, 0.0
43.0264771924106,-14.77968500875467,-0.016668047922221776, 0.0
42.779136566540686,-14.77592548126595,-0.01221808900373575, 0.0
42.53179594067077,-14.772165953777233,-0.007768130085249724, 0.0
42.28445531480085,-14.768406426288514,-0.0033181711667637, 0.0
42.036731031895705,-14.773947786317146,0.0009030553690812498, 0.0
41.78900674899056,-14.779489146345778,0.0051242819049262, 0.0
41.54128246608541,-14.785030506374412,0.00934550844077115, 0.0
41.29355818318027,-14.790571866403043,0.0135667349766161, 0.0
41.04388885239546,-14.79601322534438,0.01746803347876065, 0.0
40.79421952161066,-14.801454584285716,0.0213693319809052, 0.0
40.54455019082585,-14.806895943227053,0.02527063048304975, 0.0
40.29488086004105,-14.81233730216839,0.0291719289851943, 0.0
40.047398933790845,-14.807884935025228,0.03266366739297615, 0.0
39.79991700754064,-14.803432567882066,0.036155405800758, 0.0
39.55243508129045,-14.798980200738903,0.03964714420853985, 0.0
39.304953155040245,-14.794527833595742,0.0431388826163217, 0.0
39.05773672329674,-14.788921557333916,0.046124924501425926, 0.0
38.81052029155323,-14.78331528107209,0.04911096638653015, 0.0
38.56330385980972,-14.777709004810264,0.052097008271634375, 0.0
38.31608742806622,-14.772102728548438,0.0550830501567386, 0.0
38.065373619157626,-14.762723274572616,0.05746129024663067, 0.0
37.81465981024904,-14.753343820596793,0.05983953033652275, 0.0
37.563946001340454,-14.743964366620972,0.062217770426414826, 0.0
37.31323219243186,-14.73458491264515,0.0645960105163069, 0.0
37.06490771393292,-14.743295431112465,0.06626943832489048, 0.0
36.816583235433974,-14.752005949579777,0.06794286613347406, 0.0
36.56825875693503,-14.76071646804709,0.06961629394205762, 0.0
36.31993427843609,-14.769426986514404,0.0712897217506412, 0.0
36.077833439244664,-14.805765280581735,0.07218479390385575, 0.0
35.83573260005324,-14.842103574649068,0.0730798660570703, 0.0
35.59363176086182,-14.8784418687164,0.07397493821028485, 0.0
35.351530921670395,-14.914780162783732,0.0748700103634994, 0.0
35.118707642526225,-14.98566471696302,0.07495516591530164, 0.0
34.88588436338206,-15.056549271142309,0.0750403214671039, 0.0
34.65306108423789,-15.1274338253216,0.07512547701890615, 0.0
34.42023780509372,-15.198318379500888,0.0752106325707084, 0.0
34.19801930783102,-15.308456397777364,0.07450702666291124, 0.0
33.975800810568316,-15.418594416053839,0.07380342075511409, 0.0
33.75358231330561,-15.528732434330315,0.07309981484731695, 0.0
33.531363816042905,-15.638870452606792,0.0723962089395198, 0.0
33.32090644931188,-15.768161396842356,0.07097581113434143, 0.0
33.11044908258085,-15.897452341077921,0.06955541332916304, 0.0
32.89999171584982,-16.026743285313486,0.06813501552398467, 0.0
32.689534349118794,-16.15603422954905,0.0667146177188063, 0.0
32.48546623944851,-16.29826803198911,0.06468624607794032, 0.0
32.28139812977824,-16.44050183442917,0.06265787443707435, 0.0
32.077330020107965,-16.582735636869227,0.06062950279620837, 0.0
31.873261910437684,-16.724969439309287,0.0586011311553424, 0.0
31.671687010310876,-16.871745809490587,0.056089718599118175, 0.0
31.47011211018407,-17.01852217967189,0.05357830604289395, 0.0
31.268537210057264,-17.16529854985319,0.05106689348666973, 0.0
31.066962309930457,-17.31207492003449,0.0485554809304455, 0.0
30.86468286261509,-17.461173463777815,0.04568153871193903, 0.0
30.66240341529973,-17.61027200752114,0.04280759649343255, 0.0
30.460123967984366,-17.759370551264464,0.039933654274926074, 0.0
30.257844520669,-17.90846909500779,0.0370597120564196, 0.0
30.054839039987016,-18.05702278213466,0.0339247942466813, 0.0
29.85183355930503,-18.205576469261533,0.030789876436943, 0.0
29.648828078623048,-18.354130156388408,0.027654958627204698, 0.0
29.445822597941063,-18.50268384351528,0.0245200408174664, 0.0
29.23616185326039,-18.639660868812705,0.021201794458589898, 0.0
29.026501108579716,-18.776637894110127,0.0178835480997134, 0.0
28.816840363899043,-18.91361491940755,0.0145653017408369, 0.0
28.60717961921837,-19.050591944704976,0.0112470553819604, 0.0
28.397101142159645,-19.186900777771072,0.007804871192223549, 0.0
28.18702266510092,-19.323209610837168,0.0043626870024867, 0.0
27.97694418804219,-19.459518443903264,0.0009205028127498502, 0.0
27.766865710983463,-19.59582727696936,-0.002521681376987, 0.0
27.562722531037824,-19.7396513262263,-0.006032855693712075, 0.0
27.35857935109218,-19.88347537548324,-0.00954403001043715, 0.0
27.154436171146543,-20.02729942474018,-0.013055204327162225, 0.0
26.950292991200904,-20.17112347399712,-0.0165663786438873, 0.0
26.754130739834757,-20.32722391541734,-0.020080083813949524, 0.0
26.557968488468607,-20.483324356837556,-0.02359378898401175, 0.0
26.361806237102456,-20.639424798257778,-0.027107494154073975, 0.0
26.16564398573631,-20.795525239677996,-0.0306211993241362, 0.0
25.971374087376187,-20.95201379641352,-0.034048571867091273, 0.0
25.777104189016065,-21.108502353149042,-0.03747594441004635, 0.0
25.58283429065594,-21.264990909884567,-0.04090331695300142, 0.0
25.388564392295816,-21.42147946662009,-0.0443306894959565, 0.0
25.193728001682565,-21.579757894236337,-0.047559538184368776, 0.0
24.99889161106931,-21.73803632185258,-0.05078838687278105, 0.0
24.804055220456057,-21.89631474946882,-0.054017235561193325, 0.0
24.609218829842806,-22.054593177085067,-0.0572460842496056, 0.0
24.409591607646,-22.207963508064037,-0.06015101313627805, 0.0
24.20996438544919,-22.361333839043006,-0.0630559420229505, 0.0
24.010337163252384,-22.51470417002197,-0.06596087090962295, 0.0
23.810709941055578,-22.66807450100094,-0.0688657997962954, 0.0
23.601406192794855,-22.805054626404647,-0.07132721027791805, 0.0
23.392102444534128,-22.942034751808357,-0.07378862075954071, 0.0
23.1827986962734,-23.079014877212067,-0.07625003124116335, 0.0
22.97349494801268,-23.215995002615774,-0.078711441722786, 0.0
22.752891274192468,-23.324656652189272,-0.08063871223352828, 0.0
22.532287600372257,-23.433318301762768,-0.08256598274427054, 0.0
22.311683926552046,-23.541979951336266,-0.08449325325501282, 0.0
22.091080252731835,-23.650641600909765,-0.0864205237657551, 0.0
21.86386638921358,-23.71766437395087,-0.0877724789893759, 0.0
21.636652525695325,-23.784687146991978,-0.0891244342129967, 0.0
21.409438662177074,-23.85170992003308,-0.0904763894366175, 0.0
21.18222479865882,-23.918732693074187,-0.0918283446602383, 0.0
20.94580712947378,-23.93991121509606,-0.09262325290187873, 0.0
20.709389460288747,-23.961089737117938,-0.09341816114351914, 0.0
20.47297179110371,-23.982268259139815,-0.09421306938515957, 0.0
20.236554121918672,-24.00344678116169,-0.0950079776268, 0.0
19.994273315888485,-23.991150405781596,-0.09531762537211855, 0.0
19.751992509858297,-23.978854030401504,-0.0956272731174371, 0.0
19.509711703828106,-23.96655765502141,-0.09593692086275565, 0.0
19.26743089779792,-23.95426127964132,-0.0962465686080742, 0.0
19.023923804503113,-23.928424605522096,-0.09617489952313281, 0.0
18.78041671120831,-23.902587931402874,-0.09610323043819141, 0.0
18.536909617913505,-23.87675125728365,-0.09603156135325, 0.0
18.2934025246187,-23.85091458316443,-0.0959598922683086, 0.0
18.047903899011484,-23.81663246028455,-0.09561324614112057, 0.0
17.80240527340427,-23.78235033740467,-0.09526660001393256, 0.0
17.55690664779705,-23.74806821452479,-0.09491995388674453, 0.0
17.311408022189834,-23.71378609164491,-0.0945733077595565, 0.0
17.063263233197453,-23.66562939781143,-0.09403206015257343, 0.0
16.815118444205076,-23.617472703977953,-0.09349081254559036, 0.0
16.5669736552127,-23.569316010144473,-0.09294956493860727, 0.0
16.31882886622032,-23.521159316310992,-0.0924083173316242, 0.0
16.073904162277266,-23.470182103081065,-0.09170779480580195, 0.0
15.828979458334214,-23.419204889851137,-0.0910072722799797, 0.0
15.584054754391161,-23.368227676621206,-0.09030674975415745, 0.0
15.339130050448109,-23.31725046339128,-0.0896062272283352, 0.0
15.099193601024046,-23.261453441635084,-0.08873100514765504, 0.0
14.859257151599984,-23.205656419878885,-0.08785578306697489, 0.0
14.619320702175923,-23.149859398122686,-0.08698056098629475, 0.0
14.37938425275186,-23.09406237636649,-0.0861053389056146, 0.0
14.145249810674905,-23.024157262412025,-0.08499746173888717, 0.0
13.911115368597947,-22.954252148457563,-0.08388958457215975, 0.0
13.676980926520992,-22.8843470345031,-0.08278170740543234, 0.0
13.442846484444036,-22.814441920548635,-0.0816738302387049, 0.0
13.21696452478371,-22.72191267861117,-0.08025190064690368, 0.0
12.991082565123385,-22.629383436673706,-0.07882997105510245, 0.0
12.765200605463061,-22.53685419473624,-0.07740804146330123, 0.0
12.539318645802735,-22.444324952798773,-0.0759861118715, 0.0
12.325626555696555,-22.31894183592773,-0.07416897156294139, 0.0
12.111934465590373,-22.19355871905669,-0.07235183125438276, 0.0
11.898242375484193,-22.06817560218565,-0.07053469094582412, 0.0
11.684550285378013,-21.94279248531461,-0.0687175506372655, 0.0
11.481958102744482,-21.791988685954603,-0.06644540458984606, 0.0
11.279365920110953,-21.641184886594598,-0.0641732585424266, 0.0
11.076773737477424,-21.490381087234592,-0.061901112495007155, 0.0
10.874181554843894,-21.339577287874587,-0.0596289664475877, 0.0
10.682490902135209,-21.17292436895739,-0.05687721853431595, 0.0
10.490800249426524,-21.006271450040195,-0.0541254706210442, 0.0
10.299109596717837,-20.839618531122998,-0.05137372270777245, 0.0
10.107418944009153,-20.6729656122058,-0.0486219747945007, 0.0
9.929437391349513,-20.49535413239061,-0.04540686670238608, 0.0
9.751455838689873,-20.317742652575415,-0.042191758610271454, 0.0
9.573474286030233,-20.14013117276022,-0.038976650518156825, 0.0
9.395492733370594,-19.96251969294503,-0.0357615424260422, 0.0
9.227786843655501,-19.77635005489201,-0.03213918384346113, 0.0
9.060080953940407,-19.59018041683899,-0.02851682526088005, 0.0
8.892375064225314,-19.404010778785967,-0.024894466678298977, 0.0
8.724669174510222,-19.217841140732947,-0.0212721080957179, 0.0
8.560931341983924,-19.02880503026106,-0.017333038452096525, 0.0
8.397193509457628,-18.839768919789172,-0.01339396880847515, 0.0
8.233455676931332,-18.650732809317287,-0.009454899164853776, 0.0
8.069717844405034,-18.4616966988454,-0.0055158295212324, 0.0
7.904412704245727,-18.275110067099774,-0.0013770195226806498, 0.0
7.739107564086421,-18.088523435354148,0.0027617904758711004, 0.0
7.573802423927115,-17.901936803608518,0.006900600474422851, 0.0
7.408497283767809,-17.71535017186289,0.0110394104729746, 0.0
7.244660602447132,-17.526909840870772,0.015243712742837576, 0.0
7.080823921126456,-17.338469509878657,0.019448015012700548, 0.0
6.916987239805779,-17.15002917888654,0.023652317282563524, 0.0
6.7531505584851015,-16.961588847894422,0.0278566195524265, 0.0
6.585607099534908,-16.776341711777043,0.03198471675582345, 0.0
6.418063640584714,-16.591094575659664,0.0361128139592204, 0.0
6.250520181634521,-16.405847439542285,0.04024091116261735, 0.0
6.082976722684327,-16.220600303424906,0.0443690083660143, 0.0
5.9064662888661275,-16.042494174551422,0.0482824152818208, 0.0
5.729955855047928,-15.864388045677938,0.0521958221976273, 0.0
5.553445421229729,-15.686281916804456,0.0561092291134338, 0.0
5.37693498741153,-15.508175787930972,0.0600226360292403, 0.0
5.188085520442765,-15.345002569459803,0.06359720896269985, 0.0
4.999236053474,-15.181829350988634,0.0671717818961594, 0.0
4.810386586505236,-15.018656132517465,0.07074635482961895, 0.0
4.621537119536471,-14.855482914046297,0.0743209277630785, 0.0
4.418083308634463,-14.713260268364602,0.07745691867742707, 0.0
4.214629497732456,-14.571037622682907,0.08059290959177565, 0.0
4.011175686830448,-14.428814977001212,0.08372890050612422, 0.0
3.80772187592844,-14.286592331319516,0.0868648914204728, 0.0
3.591471198039492,-14.16880491553319,0.08949387331082867, 0.0
3.3752205201505445,-14.051017499746864,0.09212285520118454, 0.0
3.1589698422615973,-13.933230083960538,0.09475183709154042, 0.0
2.9427191643726496,-13.815442668174212,0.0973808189818963, 0.0
2.7178382199461666,-13.720644083891514,0.09946802803732688, 0.0
2.4929572755196836,-13.625845499608818,0.10155523709275745, 0.0
2.2680763310932006,-13.531046915326122,0.10364244614818802, 0.0
2.0431953866667176,-13.436248331043425,0.1057296552036186, 0.0
1.8078089918130065,-13.372965901633497,0.10727118463610558, 0.0
1.5724225969592953,-13.309683472223568,0.10881271406859255, 0.0
1.3370362021055844,-13.246401042813641,0.11035424350107953, 0.0
1.1016498072518732,-13.183118613403714,0.1118957729335665, 0.0
0.8545895082707937,-13.153296246699282,0.11291049715589918, 0.0
0.6075292092897141,-13.123473879994851,0.11392522137823186, 0.0
0.3604689103086345,-13.093651513290418,0.11493994560056453, 0.0
0.113408611327555,-13.063829146585986,0.1159546698228972, 0.0
-0.14104504321571684,-13.061531199656242,0.11647144533016007, 0.0
-0.3954986977589887,-13.0592332527265,0.11698822083742295, 0.0
-0.6499523523022606,-13.056935305796756,0.11750499634468584, 0.0
-0.9044060068455324,-13.054637358867012,0.1180217718519487, 0.0
-1.1558318333419704,-13.070895753586427,0.11806435658836105, 0.0
-1.4072576598384083,-13.08715414830584,0.1181069413247734, 0.0
-1.658683486334846,-13.103412543025254,0.11814952606118576, 0.0
-1.910109312831284,-13.119670937744669,0.1181921107975981, 0.0
-2.16292275644183,-13.150357712537879,0.11776646699989621, 0.0
-2.415736200052376,-13.18104448733109,0.1173408232021943, 0.0
-2.6685496436629217,-13.211731262124298,0.11691517940449239, 0.0
-2.921363087273468,-13.242418036917508,0.1164895356067905, 0.0
-3.169243927901947,-13.290581151923472,0.11557845080786215, 0.0
-3.4171247685304262,-13.338744266929439,0.11466736600893379, 0.0
-3.665005609158905,-13.386907381935403,0.11375628121000544, 0.0
-3.912886449787384,-13.435070496941368,0.1128451964110771, 0.0
-4.15152895484593,-13.507615464508174,0.11141265555445234, 0.0
-4.390171459904476,-13.580160432074978,0.10998011469782759, 0.0
-4.628813964963022,-13.652705399641782,0.10854757384120285, 0.0
-4.867456470021568,-13.725250367208588,0.1071150329845781, 0.0
-5.096405627794044,-13.821514180614134,0.10511911646363488, 0.0
-5.325354785566519,-13.91777799401968,0.10312319994269165, 0.0
-5.554303943338995,-14.014041807425224,0.10112728342174843, 0.0
-5.783253101111471,-14.11030562083077,0.0991313669008052, 0.0
-5.996707719355012,-14.23341020460422,0.09654178207599613, 0.0
-6.210162337598553,-14.356514788377673,0.09395219725118706, 0.0
-6.423616955842094,-14.479619372151124,0.09136261242637797, 0.0
-6.637071574085635,-14.602723955924574,0.0887730276015689, 0.0
-6.83312446471472,-14.750964023097774,0.08558849188699383, 0.0
-7.029177355343805,-14.899204090270974,0.08240395617241875, 0.0
-7.22523024597289,-15.047444157444176,0.07921942045784366, 0.0
-7.421283136601975,-15.195684224617375,0.0760348847432686, 0.0
-7.600147353525763,-15.368147351418733,0.07229608196720842, 0.0
-7.779011570449551,-15.540610478220088,0.06855727919114825, 0.0
-7.9578757873733394,-15.713073605021446,0.06481847641508807, 0.0
-8.136740004297128,-15.885536731822803,0.0610796736390279, 0.0
-8.301073081641391,-16.075054568211698,0.05687492295977285, 0.0
-8.465406158985655,-16.264572404600596,0.052670172280517805, 0.0
-8.629739236329918,-16.454090240989494,0.04846542160126275, 0.0
-8.794072313674182,-16.64360807737839,0.0442606709220077, 0.0
-8.944895968232895,-16.845974853167174,0.0397233562096045, 0.0
-9.09571962279161,-17.04834162895596,0.0351860414972013, 0.0
-9.246543277350321,-17.25070840474475,0.0306487267847981, 0.0
-9.397366931909035,-17.453075180533535,0.0261114120723949, 0.0
-9.54075245047345,-17.66224814628279,0.021410075168307674, 0.0
-9.684137969037863,-17.87142111203204,0.016708738264220452, 0.0
-9.827523487602278,-18.080594077781292,0.012007401360133226, 0.0
-9.970909006166693,-18.289767043530546,0.007306064456046, 0.0
-10.11669790665757,-18.49432933762686,0.0026294657283928245, 0.0
-10.262486807148449,-18.698891631723168,-0.002047132999260351, 0.0
-10.408275707639326,-18.903453925819477,-0.006723731726913527, 0.0
-10.554064608130204,-19.10801621991579,-0.0114003304545667, 0.0
-10.702375842207148,-19.310953476062924,-0.0158602482365344, 0.0
-10.850687076284093,-19.513890732210058,-0.0203201660185021, 0.0
-10.998998310361037,-19.716827988357196,-0.0247800838004698, 0.0
-11.14730954443798,-19.91976524450433,-0.0292400015824375, 0.0
-11.303201540329466,-20.116734938753563,-0.03330466576865392, 0.0
-11.459093536220951,-20.313704633002793,-0.03736932995487035, 0.0
-11.614985532112438,-20.510674327252026,-0.041433994141086776, 0.0
-11.770877528003924,-20.70764402150126,-0.0454986583273032, 0.0
-11.94047544005843,-20.89175824178578,-0.04901725415656963, 0.0
-12.110073352112938,-21.075872462070304,-0.05253584998583605, 0.0
-12.279671264167444,-21.25998668235483,-0.05605444581510247, 0.0
-12.44926917622195,-21.44410090263935,-0.0595730416443689, 0.0
-12.631019538344072,-21.61605854910026,-0.0624337102608032, 0.0
-12.812769900466193,-21.788016195561166,-0.06529437887723749, 0.0
-12.994520262588315,-21.959973842022073,-0.0681550474936718, 0.0
-13.176270624710437,-22.131931488482984,-0.0710157161101061, 0.0
-13.372905158706747,-22.28472147734999,-0.073152875960868, 0.0
-13.569539692703058,-22.437511466217,-0.07529003581162991, 0.0
-13.76617422669937,-22.59030145508401,-0.0774271956623918, 0.0
-13.96280876069568,-22.743091443951016,-0.0795643555131537, 0.0
-14.174346069985846,-22.879455980352912,-0.08096185298673203, 0.0
-14.385883379276013,-23.015820516754808,-0.08235935046031034, 0.0
-14.597420688566178,-23.152185053156703,-0.08375684793388867, 0.0
-14.808957997856345,-23.2885495895586,-0.085154345407467, 0.0
-15.033006581740533,-23.403608349629266,-0.08584445509782687, 0.0
-15.25705516562472,-23.51866710969993,-0.08653456478818675, 0.0
-15.481103749508907,-23.633725869770593,-0.08722467447854662, 0.0
-15.705152333393096,-23.74878462984126,-0.0879147841689065, 0.0
-15.937660080287177,-23.83379739877403,-0.08797283232157854, 0.0
-16.17016782718126,-23.918810167706802,-0.08803088047425059, 0.0
-16.40267557407534,-24.00382293663957,-0.08808892862692265, 0.0
-16.63518332096942,-24.08883570557234,-0.0881469767795947, 0.0
-16.87598087264153,-24.140284006292895,-0.08768082568011025, 0.0
-17.116778424313644,-24.191732307013446,-0.08721467458062579, 0.0
-17.357575975985753,-24.243180607734,-0.08674852348114134, 0.0
-17.598373527657863,-24.294628908454555,-0.0862823723816569, 0.0
-17.842302378526238,-24.33118604654745,-0.08541665178979738, 0.0
-18.086231229394613,-24.36774318464035,-0.08455093119793786, 0.0
-18.330160080262985,-24.40430032273325,-0.08368521060607832, 0.0
-18.57408893113136,-24.440857460826145,-0.0828194900142188, 0.0
-18.818677438796925,-24.471053478584068,-0.08167707666374868, 0.0
-19.063265946462487,-24.50124949634199,-0.08053466331327855, 0.0
-19.30785445412805,-24.531445514099914,-0.07939224996280841, 0.0
-19.552442961793616,-24.561641531857838,-0.0782498366123383, 0.0
-19.797452235699996,-24.584371425502813,-0.07693562123362623, 0.0
-20.042461509606376,-24.607101319147787,-0.07562140585491414, 0.0
-20.28747078351276,-24.629831212792766,-0.07430719047620207, 0.0
-20.53248005741914,-24.65256110643774,-0.07299297509749, 0.0
-20.776812767547675,-24.66375156251196,-0.07158455077737265, 0.0
-21.021145477676214,-24.674942018586176,-0.0701761264572553, 0.0
-21.26547818780475,-24.686132474660393,-0.06876770213713795, 0.0
-21.509810897933285,-24.69732293073461,-0.0673592778170206, 0.0
-21.75215062104437,-24.6956925051543,-0.06590600247187, 0.0
-21.99449034415545,-24.69406207957399,-0.0644527271267194, 0.0
-22.23683006726653,-24.69243165399368,-0.0629994517815688, 0.0
-22.479169790377615,-24.69080122841337,-0.0615461764364182, 0.0
-22.720075435127985,-24.67304138288204,-0.06007486537707843, 0.0
-22.96098107987835,-24.65528153735071,-0.05860355431773865, 0.0
-23.20188672462872,-24.637521691819384,-0.05713224325839887, 0.0
-23.44279236937909,-24.619761846288053,-0.0556609321990591, 0.0
-23.682281828185474,-24.58986150203918,-0.05418494798458525, 0.0
-23.92177128699186,-24.559961157790305,-0.0527089637701114, 0.0
-24.161260745798245,-24.530060813541432,-0.05123297955563755, 0.0
-24.400750204604627,-24.50016046929256,-0.0497569953411637, 0.0
-24.63881719106993,-24.4483823933534,-0.04828515862916932, 0.0
-24.87688417753523,-24.39660431741424,-0.04681332191717495, 0.0
-25.114951164000537,-24.344826241475083,-0.045341485205180575, 0.0
-25.35301815046584,-24.29304816553592,-0.0438696484931862, 0.0
-25.591052202234085,-24.214992797487394,-0.04241136099267912, 0.0
-25.829086254002334,-24.136937429438866,-0.040953073492172046, 0.0
-26.06712030577058,-24.058882061390335,-0.03949478599166498, 0.0
-26.305154357538825,-23.980826693341807,-0.0380364984911579, 0.0
-26.54311162199971,-23.886582831234204,-0.036600511725192075, 0.0
-26.781068886460595,-23.792338969126604,-0.03516452495922625, 0.0
-27.019026150921476,-23.698095107019,-0.033728538193260424, 0.0
-27.25698341538236,-23.603851244911397,-0.0322925514272946, 0.0
-27.493527728077808,-23.516292958089196,-0.030879995286981723, 0.0
-27.73007204077326,-23.428734671266998,-0.02946743914666885, 0.0
-27.96661635346871,-23.3411763844448,-0.028054883006355974, 0.0
-28.203160666164155,-23.2536180976226,-0.0266423268660431, 0.0
-28.44060592848088,-23.17195141185006,-0.025238386642309825, 0.0
-28.678051190797607,-23.09028472607752,-0.02383444641857655, 0.0
-28.915496453114333,-23.008618040304984,-0.022430506194843273, 0.0
-29.15294171543106,-22.926951354532445,-0.02102656597111, 0.0
-29.390036408520324,-22.845110281580894,-0.01959618450134775, 0.0
-29.62713110160959,-22.76326920862934,-0.0181658030315855, 0.0
-29.864225794698854,-22.681428135677788,-0.016735421561823248, 0.0
-30.10132048778812,-22.599587062726236,-0.015305040092061, 0.0
-30.337696096988346,-22.51609166390005,-0.013795359173760775, 0.0
-30.574071706188576,-22.43259626507386,-0.01228567825546055, 0.0
-30.810447315388803,-22.349100866247678,-0.010775997337160325, 0.0
-31.04682292458903,-22.26560546742149,-0.0092663164188601, 0.0
-31.282862249392153,-22.181355711152747,-0.007615027991638275, 0.0
-31.518901574195276,-22.097105954884,-0.00596373956441645, 0.0
-31.7549408989984,-22.012856198615253,-0.004312451137194625, 0.0
-31.99098022380152,-21.92860644234651,-0.0026611627099728, 0.0
-32.22590790080709,-21.839797229049374,-0.0008081709758940001, 0.0
-32.46083557781266,-21.750988015752238,0.0010448207581847998, 0.0
-32.69576325481823,-21.662178802455102,0.0028978124922636, 0.0
-32.9306909318238,-21.573369589157966,0.0047508042263424, 0.0
-33.16525292809825,-21.483929925467546,0.0068508658361873245, 0.0
-33.399814924372706,-21.394490261777122,0.00895092744603225, 0.0
-33.634376920647156,-21.3050505980867,0.011050989055877175, 0.0
-33.86893891692161,-21.21561093439628,0.0131510506657221, 0.0
-34.10410528029547,-21.13098997593806,0.0155168614734589, 0.0
-34.33927164366933,-21.04636901747984,0.0178826722811957, 0.0
-34.574438007043184,-20.96174805902162,0.020248483088932498, 0.0
-34.80960437041705,-20.8771271005634,0.0226142938966693, 0.0
-35.04597723942017,-20.798121058567528,0.02522679883827805, 0.0
-35.28235010842329,-20.719115016571656,0.027839303779886797, 0.0
-35.5187229774264,-20.64010897457578,0.030451808721495548, 0.0
-35.75509584642952,-20.56110293257991,0.0330643136631043, 0.0
-35.99282910978276,-20.487226811976527,0.0358567475422632, 0.0
-36.230562373136,-20.413350691373143,0.038649181421422096, 0.0
-36.468295636489245,-20.33947457076976,0.041441615300581, 0.0
-36.70602889984249,-20.265598450166376,0.0442340491797399, 0.0
-36.944206787175915,-20.191754043685297,0.04708436578752055, 0.0
-37.18238467450935,-20.11790963720422,0.0499346823953012, 0.0
-37.42056256184278,-20.04406523072314,0.052784999003081846, 0.0
-37.65874044917621,-19.970220824242062,0.0556353156108625, 0.0
-37.89723458914823,-19.893140044021266,0.05836422172774957, 0.0
-38.13572872912026,-19.81605926380047,0.06109312784463665, 0.0
-38.37422286909229,-19.73897848357967,0.06382203396152372, 0.0
-38.61271700906432,-19.661897703358875,0.0665509400784108, 0.0
-38.85309677308162,-19.581180249381067,0.06892972695859398, 0.0
-39.09347653709891,-19.50046279540326,0.07130851383877715, 0.0
-39.3338563011162,-19.419745341425447,0.07368730071896032, 0.0
-39.5742360651335,-19.33902788744764,0.0760660875991435, 0.0
-39.81652437789246,-19.26780598939707,0.07783722566396345, 0.0
-40.05881269065142,-19.1965840913465,0.07960836372878341, 0.0
-40.30110100341039,-19.12536219329593,0.08137950179360336, 0.0
-40.54338931616935,-19.05414029524536,0.0831506398584233, 0.0
-40.78599805438891,-19.004664208333878,0.08406063185642651, 0.0
-41.02860679260848,-18.955188121422395,0.0849706238544297, 0.0
-41.271215530828044,-18.905712034510913,0.0858806158524329, 0.0
-41.5138242690476,-18.85623594759943,0.0867906078504361, 0.0
-41.75285859762695,-18.83650531449525,0.08663026367749345, 0.0
-41.99189292620629,-18.816774681391067,0.0864699195045508, 0.0
-42.230927254785634,-18.79704404828688,0.08630957533160816, 0.0
-42.46996158336498,-18.7773134151827,0.0861492311586655, 0.0
-42.70340703215182,-18.80077459980563,0.0847929022942586, 0.0
-42.93685248093867,-18.824235784428563,0.0834365734298517, 0.0
-43.17029792972552,-18.847696969051494,0.0820802445654448, 0.0
-43.40374337851237,-18.871158153674426,0.0807239157010379, 0.0
-43.629457131174625,-18.9452570273807,0.07815743463155023, 0.0
-43.855170883836884,-19.019355901086975,0.07559095356206255, 0.0
-44.08088463649914,-19.093454774793248,0.07302447249257488, 0.0
-44.3065983891614,-19.16755364849952,0.0704579914230872, 0.0
-44.524746507096616,-19.282717516233813,0.0667865455089542, 0.0
-44.74289462503182,-19.397881383968105,0.0631150995948212, 0.0
-44.96104274296704,-19.513045251702398,0.0594436536806882, 0.0
-45.17919086090225,-19.62820911943669,0.0557722077665552, 0.0
-45.39302645054117,-19.76542582307382,0.051205128817756324, 0.0
-45.60686204018008,-19.90264252671095,0.04663804986895745, 0.0
-45.820697629818994,-20.03985923034808,0.042070970920158574, 0.0
-46.03453321945791,-20.177075933985208,0.0375038919713597, 0.0
-46.24771815698064,-20.311718874907093,0.032321307226380776, 0.0
-46.46090309450336,-20.44636181582898,0.02713872248140185, 0.0
-46.67408803202608,-20.581004756750865,0.021956137736422923, 0.0
-46.8872729695488,-20.71564769767275,0.016773552991444, 0.0
-47.103722528005555,-20.839773627331006,0.01128540951566045, 0.0
-47.32017208646231,-20.96389955698926,0.005797266039876899, 0.0
-47.53662164491906,-21.088025486647513,0.00030912256409335037, 0.0
-47.75307120337581,-21.21215141630577,-0.0051790209116902, 0.0
-47.9772455434339,-21.320745055662528,-0.01067071584489955, 0.0
-48.201419883491994,-21.42933869501929,-0.0161624107781089, 0.0
-48.42559422355008,-21.53793233437605,-0.021654105711318254, 0.0
-48.64976856360817,-21.646525973732807,-0.0271458006445276, 0.0
-48.88225971853806,-21.73642493110569,-0.032374346052288575, 0.0
-49.114750873467955,-21.826323888478576,-0.037602891460049546, 0.0
-49.347242028397844,-21.916222845851465,-0.04283143686781052, 0.0
-49.57973318332773,-22.00612180322435,-0.0480599822755715, 0.0
-49.82046074109222,-22.075289768617225,-0.05280839370370475, 0.0
-50.061188298856706,-22.144457734010103,-0.057556805131838, 0.0
-50.301915856621186,-22.213625699402982,-0.06230521655997125, 0.0
-50.54264341438567,-22.282793664795857,-0.0670536279881045, 0.0
-50.78926322693713,-22.333042834701985,-0.07115718027831741, 0.0
-51.03588303948858,-22.38329200460811,-0.0752607325685303, 0.0
-51.28250285204004,-22.433541174514232,-0.0793642848587432, 0.0
-51.5291226645915,-22.48379034442036,-0.0834678371489561, 0.0
-51.77747946264281,-22.512554237476902,-0.0868081672604609, 0.0
-52.02583626069412,-22.541318130533444,-0.0901484973719657, 0.0
-52.274193058745425,-22.570082023589986,-0.09348882748347051, 0.0
-52.522549856796736,-22.59884591664653,-0.0968291575949753, 0.0
-52.771052475597514,-22.612955594251776,-0.09932446975089652, 0.0
-53.0195550943983,-22.627065271857028,-0.10181978190681776, 0.0
-53.268057713199084,-22.641174949462275,-0.10431509406273898, 0.0
-53.51656033199986,-22.655284627067523,-0.1068104062186602, 0.0
-53.763399004176286,-22.647478991016232,-0.10840604136848794, 0.0
-54.010237676352716,-22.63967335496494,-0.11000167651831569, 0.0
-54.25707634852914,-22.63186771891365,-0.11159731166814345, 0.0
-54.50391502070556,-22.62406208286236,-0.1131929468179712, 0.0
-54.7486127488549,-22.58696671985737,-0.11385489358024142, 0.0
-54.99331047700424,-22.54987135685238,-0.11451684034251164, 0.0
-55.23800820515358,-22.51277599384739,-0.11517878710478187, 0.0
-55.48270593330292,-22.4756806308424,-0.1158407338670521, 0.0
-55.726466342715085,-22.411789970742163,-0.1155526437868423, 0.0
-55.97022675212725,-22.347899310641928,-0.1152645537066325, 0.0
-56.21398716153942,-22.28400865054169,-0.1149764636264227, 0.0
-56.45774757095159,-22.22011799044145,-0.1146883735462129, 0.0
-56.69521841388594,-22.136032595375703,-0.1134519149772493, 0.0
-56.9326892568203,-22.051947200309954,-0.1122154564082857, 0.0
-57.17016009975465,-21.967861805244205,-0.11097899783932211, 0.0
-57.407630942689,-21.883776410178456,-0.1097425392703585, 0.0
-57.635725081449806,-21.780405484283026,-0.10758146877490493, 0.0
-57.863819220210615,-21.677034558387597,-0.10542039827945135, 0.0
-58.09191335897142,-21.573663632492167,-0.10325932778399777, 0.0
-58.32000749773222,-21.470292706596737,-0.1010982572885442, 0.0
-58.53592227670469,-21.344575418304867,-0.09806649187660152, 0.0
-58.75183705567716,-21.218858130012997,-0.09503472646465885, 0.0
-58.96775183464962,-21.093140841721123,-0.09200296105271619, 0.0
-59.18366661362209,-20.967423553429253,-0.0889711956407735, 0.0
-59.37994260558395,-20.817269574935523,-0.08516327142332605, 0.0
-59.57621859754581,-20.667115596441793,-0.0813553472058786, 0.0
-59.77249458950767,-20.516961617948063,-0.07754742298843115, 0.0
-59.968770581469535,-20.366807639454333,-0.0737394987709837, 0.0
-60.14273105302772,-20.193816689190847,-0.06929924021771044, 0.0
-60.316691524585906,-20.020825738927357,-0.0648589816644372, 0.0
-60.49065199614409,-19.84783478866387,-0.06041872311116395, 0.0
-60.66461246770227,-19.674843838400385,-0.0559784645578907, 0.0
-60.816595610706564,-19.47785266061453,-0.05110052804205517, 0.0
-60.96857875371086,-19.280861482828673,-0.046222591526219645, 0.0
-61.12056189671516,-19.083870305042815,-0.041344655010384125, 0.0
-61.27254503971945,-18.88687912725696,-0.0364667184945486, 0.0
-61.40964523573502,-18.676982230396845,-0.03138716391340855, 0.0
-61.54674543175059,-18.46708533353673,-0.0263076093322685, 0.0
-61.68384562776615,-18.257188436676614,-0.02122805475112845, 0.0
-61.82094582378172,-18.0472915398165,-0.0161485001699884, 0.0
-61.95739353948973,-17.83936922661848,-0.0111243943822453, 0.0
-62.093841255197745,-17.63144691342046,-0.0061002885945022, 0.0
-62.230288970905754,-17.42352460022244,-0.001076182806759099, 0.0
-62.36673668661376,-17.21560228702442,0.003947922980984, 0.0
-62.5084279913317,-17.01385254522383,0.0086655591668445, 0.0
-62.65011929604963,-16.812102803423237,0.013383195352705, 0.0
-62.79181060076756,-16.610353061622646,0.0181008315385655, 0.0
-62.9335019054855,-16.408603319822056,0.022818467724426, 0.0
-63.089374595099926,-16.22137933229614,0.027011602207289223, 0.0
-63.24524728471435,-16.034155344770227,0.03120473669015245, 0.0
-63.401119974328786,-15.846931357244316,0.035397871173015676, 0.0
-63.55699266394321,-15.6597073697184,0.0395910056558789, 0.0
-63.73074324992102,-15.490151689752441,0.04309492757937635, 0.0
-63.90449383589883,-15.320596009786483,0.046598849502873796, 0.0
-64.07824442187663,-15.151040329820525,0.05010277142637125, 0.0
-64.25199500785445,-14.981484649854565,0.0536066933498687, 0.0
-64.44390083198452,-14.827637807453204,0.05631957601154057, 0.0
-64.6358066561146,-14.673790965051843,0.05903245867321245, 0.0
-64.82771248024467,-14.519944122650482,0.061745341334884324, 0.0
-65.01961830437475,-14.366097280249122,0.0644582239965562, 0.0
-65.22675527762979,-14.225105294896323,0.06633925604939182, 0.0
-65.43389225088484,-14.084113309543525,0.06822028810222744, 0.0
-65.64102922413987,-13.943121324190727,0.07010132015506307, 0.0
-65.84816619739492,-13.80212933883793,0.0719823522078987, 0.0
-66.06289126460646,-13.67063678998931,0.07304140598202723, 0.0
-66.27761633181801,-13.539144241140692,0.07410045975615576, 0.0
-66.49234139902956,-13.407651692292074,0.07515951353028427, 0.0
-66.7070664662411,-13.276159143443454,0.0762185673044128, 0.0
-66.92693131234502,-13.155108605660683,0.07650269213541125, 0.0
-67.14679615844894,-13.034058067877911,0.07678681696640971, 0.0
-67.36666100455285,-12.91300753009514,0.07707094179740816, 0.0
-67.58652585065677,-12.791956992312368,0.0773550666284066, 0.0
-67.80964249690288,-12.680231089536665,0.07693700189012866, 0.0
-68.03275914314898,-12.568505186760962,0.07651893715185071, 0.0
-68.25587578939509,-12.45677928398526,0.07610087241357275, 0.0
-68.4789924356412,-12.345053381209556,0.0756828076752948, 0.0
-68.70758808119919,-12.24948947768317,0.07465429693525386, 0.0
-68.93618372675718,-12.153925574156784,0.0736257861952129, 0.0
-69.16477937231518,-12.058361670630395,0.07259727545517194, 0.0
-69.39337501787317,-11.962797767104009,0.071568764715131, 0.0
-69.63288999264142,-11.893418643263882,0.07003800582101405, 0.0
-69.87240496740966,-11.824039519423755,0.06850724692689711, 0.0
-70.1119199421779,-11.754660395583628,0.06697648803278015, 0.0
-70.35143491694616,-11.6852812717435,0.0654457291386632, 0.0
-70.59515244550808,-11.633759434274582,0.06353583245709425, 0.0
-70.83886997407,-11.582237596805665,0.0616259357755253, 0.0
-71.08258750263191,-11.530715759336747,0.05971603909395635, 0.0
-71.32630503119383,-11.479193921867829,0.0578061424123874, 0.0
-71.57408201443769,-11.445754399957982,0.0556514385535501, 0.0
-71.82185899768157,-11.412314878048136,0.0534967346947128, 0.0
-72.06963598092545,-11.378875356138291,0.0513420308358755, 0.0
-72.31741296416932,-11.345435834228445,0.0491873269770382, 0.0
-72.56852030381577,-11.327004934389453,0.046926223897051644, 0.0
-72.81962764346221,-11.308574034550464,0.0446651208170651, 0.0
-73.07073498310865,-11.290143134711474,0.04240401773707855, 0.0
-73.3218423227551,-11.271712234872483,0.040142914657092, 0.0
-73.57337360029992,-11.260220618227848,0.03790803443018303, 0.0
-73.82490487784472,-11.248729001583214,0.03567315420327405, 0.0
-74.07643615538953,-11.23723738493858,0.03343827397636508, 0.0
-74.32796743293434,-11.225745768293944,0.0312033937494561, 0.0
-74.57925074137786,-11.21656427234543,0.0291109794411032, 0.0
-74.83053404982138,-11.207382776396916,0.027018565132750298, 0.0
-75.0818173582649,-11.198201280448401,0.0249261508243974, 0.0
-75.33310066670842,-11.189019784499887,0.0228337365160445, 0.0
-75.58407663872651,-11.180212030745501,0.02097470127368675, 0.0
-75.83505261074463,-11.171404276991113,0.019115666031329, 0.0
-76.08602858276274,-11.162596523236726,0.01725663078897125, 0.0
-76.33700455478083,-11.15378876948234,0.0153975955466135, 0.0
-76.58797495231853,-11.144932044496787,0.01383205953817555, 0.0
-76.83894534985623,-11.136075319511237,0.012266523529737599, 0.0
-77.08991574739395,-11.127218594525687,0.01070098752129965, 0.0
-77.34088614493164,-11.118361869540134,0.0091354515128617, 0.0
-77.59167744760144,-11.108082704738829,0.0078914844324043, 0.0
-77.84246875027125,-11.097803539937523,0.006647517351946901, 0.0
-78.09326005294105,-11.087524375136216,0.0054035502714895, 0.0
-78.34405135561084,-11.07724521033491,0.0041595831910321, 0.0
-78.59484056407038,-11.066890432467803,0.0032358155283149, 0.0
-78.84562977252993,-11.056535654600697,0.0023120478655977, 0.0
-79.09641898098948,-11.04618087673359,0.0013882802028805001, 0.0
-79.34720818944902,-11.035826098866483,0.0004645125401633, 0.0
-79.59796370992181,-11.02424541583293,-0.00016433662863862505, 0.0
-79.84871923039461,-11.012664732799378,-0.0007931857974405501, 0.0
-80.09947475086742,-11.001084049765826,-0.0014220349662424751, 0.0
-80.35023027134021,-10.989503366732272,-0.0020508841350444, 0.0
-80.60102454647418,-10.97886653234621,-0.0024268171814184, 0.0
-80.85181882160816,-10.968229697960146,-0.0028027502277924, 0.0
-81.10261309674213,-10.957592863574082,-0.0031786832741664, 0.0
-81.3534073718761,-10.94695602918802,-0.0035546163205404, 0.0
-81.60434614905232,-10.939882144563606,-0.00372890569380605, 0.0
-81.85528492622853,-10.932808259939193,-0.0039031950670717, 0.0
-82.10622370340475,-10.925734375314779,-0.00407748444033735, 0.0
-82.35716248058097,-10.918660490690366,-0.004251773813603, 0.0
-82.60801946295634,-10.911333240821447,-0.004278490961703451, 0.0
-82.8588764453317,-10.904005990952527,-0.0043052081098039, 0.0
-83.10973342770707,-10.896678741083608,-0.00433192525790435, 0.0
-83.36059041008244,-10.88935149121469,-0.0043586424060048, 0.0
-83.61134823630596,-10.880897828530866,-0.0042897706916842, 0.0
-83.86210606252948,-10.872444165847043,-0.0042208989773636005, 0.0
-84.11286388875298,-10.863990503163219,-0.004152027263043, 0.0
-84.3636217149765,-10.855536840479395,-0.0040831555487224, 0.0
-84.61430689712812,-10.846335921442767,-0.003965114101124975, 0.0
-84.86499207927972,-10.83713500240614,-0.0038470726535275498, 0.0
-85.11567726143133,-10.827934083369511,-0.003729031205930125, 0.0
-85.36636244358294,-10.818733164332883,-0.0036109897583327, 0.0
-85.61700651830401,-10.809524797408264,-0.00348209353413, 0.0
-85.86765059302508,-10.800316430483644,-0.0033531973099273, 0.0
-86.11829466774613,-10.791108063559024,-0.0032243010857246, 0.0
-86.3689387424672,-10.781899696634405,-0.0030954048615219, 0.0
-86.61959572145642,-10.77343325950963,-0.002984036656171975, 0.0
-86.87025270044563,-10.764966822384856,-0.00287266845082205, 0.0
-87.12090967943486,-10.756500385260084,-0.0027613002454721252, 0.0
-87.37156665842409,-10.74803394813531,-0.0026499320401222, 0.0
-87.62224193833673,-10.739807381821494,-0.0025735052084143, 0.0
-87.87291721824937,-10.731580815507677,-0.0024970783767064002, 0.0
-88.123592498162,-10.72335424919386,-0.0024206515449985, 0.0
-88.37426777807464,-10.715127682880045,-0.0023442247132906, 0.0
-88.62496488792398,-10.706466291884635,-0.00230901662784585, 0.0
-88.8756619977733,-10.697804900889226,-0.0022738085424011, 0.0
-89.12635910762265,-10.689143509893817,-0.00223860045695635, 0.0
-89.37705621747199,-10.680482118898407,-0.0022033923715116, 0.0
-89.62779823274772,-10.671278075920592,-0.002205176376702725, 0.0
-89.87854024802346,-10.662074032942776,-0.00220696038189385, 0.0
-90.1292822632992,-10.652869989964959,-0.0022087443870849746, 0.0
-90.38002427857494,-10.643665946987143,-0.0022105283922761, 0.0
-90.63088437352938,-10.636104958316862,-0.002235954097671525, 0.0
-90.88174446848384,-10.628543969646582,-0.0022613798030669497, 0.0
-91.13260456343829,-10.6209829809763,-0.002286805508462375, 0.0
-91.38346465839274,-10.61342199230602,-0.0023122312138578, 0.0
-91.63445323243926,-10.607854798914401,-0.0023410913451000753, 0.0
-91.88544180648577,-10.602287605522783,-0.00236995147634235, 0.0
-92.1364303805323,-10.596720412131166,-0.002398811607584625, 0.0
-92.38741895457882,-10.591153218739548,-0.0024276717388269, 0.0
-92.63829396306309,-10.583183780835572,-0.002436153251568925, 0.0
-92.88916897154735,-10.575214342931599,-0.00244463476431095, 0.0
-93.1400439800316,-10.567244905027625,-0.002453116277052975, 0.0
-93.39091898851588,-10.55927546712365,-0.002461597789795, 0.0
-93.64173788721362,-10.54950888580921,-0.00242619137945365, 0.0
-93.89255678591135,-10.539742304494771,-0.0023907849691123, 0.0
-94.1433756846091,-10.529975723180332,-0.00235537855877095, 0.0
-94.39419458330684,-10.520209141865893,-0.0023199721484296, 0.0
-94.64497493490995,-10.509393912731838,-0.0022213519550522004, 0.0
-94.89575528651307,-10.498578683597781,-0.0021227317616748, 0.0
-95.14653563811616,-10.487763454463725,-0.0020241115682974, 0.0
-95.39731598971927,-10.47694822532967,-0.00192549137492, 0.0
-95.64798433445107,-10.464422535389485,-0.00175176541198675, 0.0
-95.89865267918287,-10.4518968454493,-0.0015780394490535, 0.0
-96.14932102391467,-10.439371155509114,-0.00140431348612025, 0.0
-96.39998936864646,-10.42684546556893,-0.001230587523187, 0.0
-96.65057749452072,-10.412946132410855,-0.0009796330088787, 0.0
-96.90116562039499,-10.399046799252783,-0.0007286784945704, 0.0
-97.15175374626926,-10.38514746609471,-0.0004777239802621, 0.0
-97.40234187214352,-10.371248132936635,-0.0002267694659538, 0.0
-97.65285502256422,-10.355824808737525,9.245980792275e-05, 0.0
-97.90336817298493,-10.340401484538415,0.0004116890817993, 0.0
-98.15388132340561,-10.324978160339306,0.00073091835567585, 0.0
-98.40439447382631,-10.309554836140196,0.0010501476295524, 0.0
-98.65486841505707,-10.293156225709376,0.001417388711042475, 0.0
-98.90534235628782,-10.276757615278555,0.0017846297925325498, 0.0
-99.15581629751857,-10.260359004847736,0.002151870874022625, 0.0
-99.40629023874932,-10.243960394416916,0.0025191119555127, 0.0
-99.65682461895109,-10.228758220449697,0.00290351377498285, 0.0
-99.90735899915286,-10.213556046482477,0.0032879155944529996, 0.0
-100.15789337935463,-10.198353872515256,0.0036723174139231497, 0.0
-100.4084277595564,-10.183151698548036,0.0040567192333933, 0.0
-100.65906445547573,-10.1701326973138,0.00441816454759025, 0.0
-100.90970115139507,-10.157113696079563,0.0047796098617871995, 0.0
-101.1603378473144,-10.144094694845327,0.00514105517598415, 0.0
-101.41097454323372,-10.131075693611091,0.0055025004901811, 0.0
-101.66161472310614,-10.118217132154376,0.00579315996704865, 0.0
-101.91225490297856,-10.10535857069766,0.0060838194439162, 0.0
-102.16289508285098,-10.092500009240947,0.00637447892078375, 0.0
-102.4135352627234,-10.079641447784232,0.0066651383976513, 0.0
-102.66419609494508,-10.067328639787455,0.00683119319185795, 0.0
-102.91485692716678,-10.055015831790678,0.0069972479860646, 0.0
-103.16551775938848,-10.042703023793901,0.00716330278027125, 0.0
-103.41617859161016,-10.030390215797125,0.0073293575744779, 0.0
-103.66688630349631,-10.019156937018384,0.0073131508946533, 0.0
-103.91759401538246,-10.00792365823964,0.0072969442148287, 0.0
-104.16830172726861,-9.996690379460897,0.0072807375350041, 0.0
-104.41900943915476,-9.985457100682156,0.0072645308551795, 0.0
-104.66978650916167,-9.975978379455889,0.007007458850028025, 0.0
-104.92056357916857,-9.966499658229619,0.0067503868448765495, 0.0
-105.17134064917546,-9.95702093700335,0.006493314839725075, 0.0
-105.42211771918237,-9.947542215777082,0.0062362428345736, 0.0
-105.67282135506619,-9.93673852009545,0.0056825853717145, 0.0
-105.92352499095,-9.925934824413815,0.0051289279088554, 0.0
-106.17422862683382,-9.915131128732181,0.0045752704459963, 0.0
-106.42493226271765,-9.904327433050549,0.0040216129831372, 0.0
-106.67565229191736,-9.894252277417161,0.003123400247492375, 0.0
-106.92637232111707,-9.884177121783772,0.00222518751184755, 0.0
-107.17709235031678,-9.874101966150384,0.0013269747762027252, 0.0
-107.4278123795165,-9.864026810516997,0.0004287620405579, 0.0
-107.6785661356123,-9.854948067364267,-0.0008484893672316, 0.0
-107.92931989170809,-9.845869324211538,-0.0021257407750211, 0.0
-108.18007364780388,-9.836790581058809,-0.0034029921828105996, 0.0
-108.43082740389968,-9.82771183790608,-0.0046802435906001, 0.0
-108.68167518751599,-9.819937779283922,-0.0063516452008180995, 0.0
-108.9325229711323,-9.812163720661765,-0.0080230468110361, 0.0
-109.1833707547486,-9.804389662039608,-0.009694448421254099, 0.0
-109.4342185383649,-9.79661560341745,-0.0113658500314721, 0.0
-109.68573374631046,-9.792575810944745,-0.013422374886930925, 0.0
-109.93724895425602,-9.78853601847204,-0.01547889974238975, 0.0
-110.18876416220158,-9.784496225999334,-0.017535424597848574, 0.0
-110.44027937014714,-9.780456433526629,-0.0195919494533074, 0.0
-110.69155604982589,-9.774146001506962,-0.021998069134579926, 0.0
-110.94283272950466,-9.767835569487296,-0.02440418881585245, 0.0
-111.19410940918343,-9.761525137467629,-0.026810308497124975, 0.0
-111.44538608886218,-9.755214705447962,-0.0292164281783975, 0.0
-111.69594760945826,-9.74132111886063,-0.0319107451698665, 0.0
-111.94650913005434,-9.7274275322733,-0.0346050621613355, 0.0
-112.19707065065042,-9.71353394568597,-0.0372993791528045, 0.0
-112.4476321712465,-9.69964035909864,-0.0399936961442735, 0.0
-112.69770631005053,-9.678221215576816,-0.04289230824929032, 0.0
-112.94778044885459,-9.656802072054992,-0.04579092035430715, 0.0
-113.19785458765864,-9.635382928533168,-0.048689532459323975, 0.0
-113.44792872646268,-9.613963785011345,-0.0515881445643408, 0.0
-113.69781691298112,-9.58329873105519,-0.05459015556053655, 0.0
-113.94770509949959,-9.552633677099037,-0.0575921665567323, 0.0
-114.19759328601803,-9.521968623142882,-0.06059417755292805, 0.0
-114.44748147253648,-9.491303569186728,-0.0635961885491238, 0.0
-114.69228720193183,-9.442571927448125,-0.06659084370773218, 0.0
-114.93709293132719,-9.393840285709523,-0.06958549886634055, 0.0
-115.18189866072255,-9.345108643970919,-0.07258015402494893, 0.0
-115.4267043901179,-9.296377002232315,-0.0755748091835573, 0.0
-115.66787696198828,-9.227960753148082,-0.07844963060680167, 0.0
-115.90904953385868,-9.159544504063849,-0.08132445203004604, 0.0
-116.15022210572906,-9.091128254979616,-0.08419927345329042, 0.0
-116.39139467759944,-9.022712005895382,-0.0870740948765348, 0.0
-116.62687625316775,-8.934496462726386,-0.08972327352694942, 0.0
-116.86235782873608,-8.84628091955739,-0.09237245217736405, 0.0
-117.09783940430441,-8.758065376388394,-0.09502163082777867, 0.0
-117.33332097987272,-8.669849833219399,-0.0976708094781933, 0.0
-117.55773717765766,-8.558226465605092,-0.10000335835647392, 0.0
-117.7821533754426,-8.446603097990785,-0.10233590723475455, 0.0
-118.00656957322755,-8.334979730376476,-0.10466845611303519, 0.0
-118.23098577101248,-8.22335636276217,-0.1070010049913158, 0.0
-118.44101027319935,-8.087851983930452,-0.1089484236721586, 0.0
-118.65103477538622,-7.952347605098735,-0.1108958423530014, 0.0
-118.86105927757309,-7.816843226267018,-0.1128432610338442, 0.0
-119.07108377975996,-7.681338847435301,-0.114790679714687, 0.0
-119.2603513801928,-7.52181458285796,-0.11631354751945544, 0.0
-119.44961898062564,-7.3622903182806185,-0.1178364153242239, 0.0
-119.6388865810585,-7.202766053703277,-0.11935928312899236, 0.0
-119.82815418149134,-7.043241789125936,-0.1208821509337608, 0.0
-119.9881207050138,-6.857412614094146,-0.12197424736738502, 0.0
-120.14808722853627,-6.671583439062357,-0.12306634380100925, 0.0
-120.30805375205873,-6.485754264030568,-0.12415844023463347, 0.0
-120.46802027558118,-6.299925088998778,-0.1252505366682577, 0.0
-120.59590295490625,-6.091600363686692,-0.12593860169801604, 0.0
-120.72378563423132,-5.883275638374606,-0.1266266667277744, 0.0
-120.85166831355639,-5.67495091306252,-0.12731473175753275, 0.0
-120.97955099288146,-5.466626187750434,-0.1280027967872911, 0.0
-121.08367843571786,-5.241413792091308,-0.12834089302161503, 0.0
-121.18780587855426,-5.016201396432181,-0.12867898925593896, 0.0
-121.29193332139064,-4.790989000773054,-0.12901708549026286, 0.0
-121.39606076422704,-4.565776605113928,-0.1293551817245868, 0.0
-121.47478015963219,-4.328090879471604,-0.12941471142065714, 0.0
-121.55349955503732,-4.090405153829281,-0.12947424111672745, 0.0
-121.63221895044245,-3.8527194281869575,-0.12953377081279777, 0.0
-121.7109383458476,-3.615033702544634,-0.1295933005088681, 0.0
-121.7585801771699,-3.366374644425805,-0.12945140183846146, 0.0
-121.8062220084922,-3.1177155863069768,-0.12930950316805478, 0.0
-121.85386383981451,-2.869056528188148,-0.12916760449764814, 0.0
-121.90150567113682,-2.620397470069319,-0.1290257058272415, 0.0
-121.92273007098622,-2.3703173824063968,-0.12875476801022495, 0.0
-121.94395447083562,-2.1202372947434744,-0.12848383019320841, 0.0
-121.96517887068502,-1.8701572070805526,-0.12821289237619185, 0.0
-121.98640327053442,-1.6200771194176302,-0.1279419545591753, 0.0
-121.97964846146857,-1.3722153005627606,-0.12760200242583455, 0.0
-121.97289365240272,-1.1243534817078908,-0.12726205029249382, 0.0
-121.96613884333685,-0.8764916628530212,-0.12692209815915306, 0.0
-121.959384034271,-0.6286298439981515,-0.1265821460258123, 0.0
-121.92576665591233,-0.38286754302626347,-0.12621688231158193, 0.0
-121.89214927755367,-0.13710524205437546,-0.12585161859735156, 0.0
-121.85853189919501,0.10865705891751254,-0.12548635488312118, 0.0
-121.82491452083634,0.3544193598894005,-0.1251210911688908, 0.0
-121.76120929007092,0.5912479276473469,-0.12475750814579588, 0.0
-121.69750405930549,0.8280764954052933,-0.12439392512270095, 0.0
-121.63379882854007,1.0649050631632397,-0.12403034209960603, 0.0
-121.57009359777464,1.3017336309211862,-0.1236667590765111, 0.0
-121.47846626198061,1.5362937708846036,-0.12331724051864948, 0.0
-121.38683892618658,1.7708539108480212,-0.12296772196078785, 0.0
-121.29521159039255,2.0054140508114386,-0.12261820340292623, 0.0
-121.20358425459852,2.239974190774856,-0.1222686848450646, 0.0
-121.07353792478945,2.4508635484693424,-0.12193366335165083, 0.0
-120.94349159498037,2.6617529061638283,-0.12159864185823704, 0.0
-120.8134452651713,2.8726422638583147,-0.12126362036482327, 0.0
-120.68339893536222,3.083531621552801,-0.1209285988714095, 0.0
-120.52907680576631,3.2804531270934145,-0.12059784697224582, 0.0
-120.3747546761704,3.477374632634028,-0.12026709507308214, 0.0
-120.22043254657447,3.6742961381746415,-0.11993634317391848, 0.0
-120.06611041697856,3.871217643715255,-0.1196055912747548, 0.0
-119.89707867579358,4.0511164429992235,-0.11925773953503227, 0.0
-119.7280469346086,4.231015242283192,-0.11890988779530975, 0.0
-119.55901519342362,4.410914041567161,-0.11856203605558722, 0.0
-119.38998345223864,4.59081284085113,-0.1182141843158647, 0.0
-119.20396956005672,4.752822492298831,-0.11781615552560912, 0.0
-119.01795566787482,4.914832143746533,-0.11741812673535354, 0.0
-118.8319417756929,5.076841795194235,-0.11702009794509798, 0.0
-118.64592788351098,5.238851446641936,-0.1166220691548424, 0.0
-118.44289582460114,5.380344270320147,-0.11613070696819718, 0.0
-118.2398637656913,5.521837093998357,-0.11563934478155194, 0.0
-118.03683170678144,5.663329917676569,-0.11514798259490672, 0.0
-117.8337996478716,5.804822741354779,-0.1146566204082615, 0.0
-117.6168650020204,5.923601265436268,-0.11402342535244407, 0.0
-117.3999303561692,6.0423797895177564,-0.11339023029662665, 0.0
-117.182995710318,6.161158313599246,-0.11275703524080923, 0.0
-116.9660610644668,6.279936837680735,-0.1121238401849918, 0.0
-116.73765301001607,6.371827511041212,-0.11130205257587927, 0.0
-116.50924495556535,6.463718184401689,-0.11048026496676674, 0.0
-116.28083690111461,6.555608857762165,-0.10965847735765423, 0.0
-116.05242884666389,6.647499531122642,-0.1088366897485417, 0.0
-115.81674229335917,6.712933128212017,-0.10778915847147127, 0.0
-115.58105574005444,6.7783667253013915,-0.10674162719440085, 0.0
-115.34536918674972,6.843800322390766,-0.10569409591733042, 0.0
-115.109682633445,6.909233919480141,-0.10464656464026, 0.0
-114.86645860453821,6.943656509800707,-0.10335268891681934, 0.0
-114.62323457563141,6.978079100121273,-0.1020588131933787, 0.0
-114.38001054672463,7.012501690441839,-0.10076493746993806, 0.0
-114.13678651781784,7.046924280762405,-0.0994710617464974, 0.0
-113.89180969784029,7.056406260019836,-0.09793116837657503, 0.0
-113.64683287786272,7.065888239277267,-0.09639127500665265, 0.0
-113.40185605788517,7.075370218534697,-0.09485138163673026, 0.0
-113.15687923790762,7.084852197792128,-0.0933114882668079, 0.0
-112.90414945899415,7.058069909829779,-0.09154738371866364, 0.0
-112.65141968008069,7.031287621867431,-0.0897832791705194, 0.0
-112.39868990116722,7.004505333905083,-0.08801917462237516, 0.0
-112.14596012225375,6.977723045942734,-0.0862550700742309, 0.0
-111.89752580617223,6.935888150079805,-0.08430655091599787, 0.0
-111.6490914900907,6.894053254216876,-0.08235803175776485, 0.0
-111.40065717400917,6.852218358353947,-0.08040951259953183, 0.0
-111.15222285792764,6.810383462491018,-0.0784609934412988, 0.0
-110.90582890220094,6.752000400358879,-0.0763797036366231, 0.0
-110.65943494647422,6.693617338226741,-0.07429841383194741, 0.0
-110.4130409907475,6.635234276094604,-0.0722171240272717, 0.0
-110.1666470350208,6.576851213962465,-0.070135834222596, 0.0
-109.92531158704213,6.504386786306789,-0.06797881801644408, 0.0
-109.68397613906346,6.4319223586511125,-0.06582180181029215, 0.0
-109.44264069108479,6.359457930995436,-0.06366478560414023, 0.0
-109.20130524310612,6.28699350333976,-0.0615077693979883, 0.0
-108.9678043862672,6.197736897732597,-0.05933230999550267, 0.0
-108.73430352942829,6.108480292125434,-0.05715685059301705, 0.0
-108.50080267258937,6.019223686518272,-0.05498139119053143, 0.0
-108.26730181575046,5.9299670809111085,-0.0528059317880458, 0.0
-108.0398590380106,5.827831299462546,-0.05066565220192773, 0.0
-107.81241626027074,5.725695518013984,-0.04852537261580965, 0.0
-107.58497348253087,5.623559736565421,-0.04638509302969157, 0.0
-107.35753070479102,5.521423955116859,-0.0442448134435735, 0.0
-107.13322287668268,5.412133953812436,-0.04218638366685658, 0.0
-106.90891504857433,5.302843952508013,-0.04012795389013965, 0.0
-106.68460722046598,5.193553951203589,-0.03806952411342272, 0.0
-106.46029939235764,5.084263949899166,-0.0360110943367058, 0.0
-106.23848935668178,4.9699429776507005,-0.0340715590725398, 0.0
-106.01667932100594,4.855622005402235,-0.0321320238083738, 0.0
-105.79486928533008,4.7413010331537695,-0.0301924885442078, 0.0
-105.57305924965422,4.626980060905304,-0.0282529532800418, 0.0
-105.35372084253262,4.507050715068692,-0.02645838053031725, 0.0
-105.13438243541101,4.38712136923208,-0.024663807780592698, 0.0
-104.9150440282894,4.267192023395467,-0.02286923503086815, 0.0
-104.6957056211678,4.147262677558856,-0.0210746622811436, 0.0
-104.47792421327475,4.024344536932621,-0.0194406411815051, 0.0
-104.26014280538169,3.9014263963063867,-0.0178066200818666, 0.0
-104.04236139748863,3.778508255680152,-0.0161725989822281, 0.0
-103.82457998959558,3.6555901150539176,-0.0145385778825896, 0.0
-103.60826508231776,3.5307250319433163,-0.013072391142610076, 0.0
-103.39195017503994,3.405859948832715,-0.01160620440263055, 0.0
-103.17563526776212,3.2809948657221133,-0.010140017662651025, 0.0
-102.9593203604843,3.156129782611512,-0.0086738309226715, 0.0
-102.74644756618972,3.0259162334898297,-0.007377372916811351, 0.0
-102.53357477189512,2.895702684368147,-0.0060809149109512005, 0.0
-102.32070197760052,2.765489135246465,-0.00478445690509105, 0.0
-102.10782918330594,2.6352755861247825,-0.0034879988992309, 0.0
-101.89826873591741,2.4985069244139946,-0.0023598474962446, 0.0
-101.6887082885289,2.3617382627032066,-0.0012316960932583, 0.0
-101.47914784114039,2.224969600992419,-0.00010354469027199983, 0.0
-101.26958739375186,2.088200939281631,0.0010246067127143, 0.0
-101.06225440982925,1.947569955180955,0.00198968431484845, 0.0
-100.85492142590664,1.806938971080279,0.0029547619169826003, 0.0
-100.64758844198401,1.6663079869796031,0.00391983951911675, 0.0
-100.4402554580614,1.525677002878927,0.0048849171212509, 0.0
-100.23209458436392,1.3878557492987869,0.005699760757645625, 0.0
-100.02393371066644,1.2500344957186467,0.006514604394040349, 0.0
-99.81577283696896,1.1122132421385067,0.007329448030435074, 0.0
-99.60761196327148,0.9743919885583664,0.0081442916668298, 0.0
-99.39730729674102,0.8408207600116997,0.0088354129561722, 0.0
-99.18700263021054,0.7072495314650331,0.0095265342455146, 0.0
-98.97669796368007,0.5736783029183665,0.010217655534857, 0.0
-98.7663932971496,0.4401070743716999,0.0109087768241994, 0.0
-98.55116352631205,0.3155729019824959,0.011522241126263625, 0.0
-98.33593375547449,0.19103872959329185,0.012135705428327849, 0.0
-98.12070398463693,0.06650455720408782,0.012749169730392074, 0.0
-97.90547421379938,-0.0580296151851162,0.0133626340324563       , 0.0
-97.68543344079636,-0.17488861891238874,0.013966947017495075, 0.0
-97.46539266779334,-0.29174762263966125,0.01457126000253385, 0.0
-97.2453518947903,-0.4086066263669338,0.015175572987572626, 0.0
-97.02531112178728,-0.5254656300942063,0.0157798859726114, 0.0
-96.7993818707759,-0.631279607890459,0.016463433497970175, 0.0
-96.57345261976454,-0.7370935856867116,0.01714698102332895, 0.0
-96.34752336875316,-0.8429075634829641,0.017830528548687725, 0.0
-96.12159411774178,-0.9487215412792168,0.0185140760740465, 0.0
-95.88717369689641,-1.0362041452557629,0.019375191702733875, 0.0
-95.65275327605104,-1.1236867492323088,0.02023630733142125, 0.0
-95.41833285520569,-1.2111693532088548,0.021097422960108626, 0.0
-95.18391243436032,-1.2986519571854007,0.021958538588796, 0.0
-94.94517456120198,-1.3761755614507307,0.023087401204492576, 0.0
-94.70643668804362,-1.453699165716061,0.02421626382018915, 0.0
-94.46769881488527,-1.5312227699813912,0.025345126435885726, 0.0
-94.22896094172692,-1.6087463742467212,0.0264739890515823, 0.0
-93.99468306076157,-1.6918519594245658,0.02792832052095755, 0.0
-93.76040517979624,-1.7749575446024104,0.029382651990332798, 0.0
-93.52612729883089,-1.858063129780255,0.030836983459708048, 0.0
-93.29184941786554,-1.9411687149580996,0.0322913149290833, 0.0
-93.0619925271413,-2.032180565341548,0.03407170977177585, 0.0
-92.83213563641706,-2.123192415724997,0.0358521046144684, 0.0
-92.60227874569283,-2.214204266108446,0.03763249945716095, 0.0
-92.3724218549686,-2.3052161164918945,0.0394128942998535, 0.0
-92.1479944337289,-2.412039444178549,0.0414459857835923, 0.0
-91.9235670124892,-2.5188627718652032,0.0434790772673311, 0.0
-91.69913959124949,-2.6256860995518574,0.0455121687510699, 0.0
-91.4747121700098,-2.732509427238512,0.0475452602348087, 0.0
-91.25134755075858,-2.8462774892280613,0.04968185732099707, 0.0
-91.02798293150735,-2.9600455512176103,0.05181845440718545, 0.0
-90.80461831225614,-3.0738136132071596,0.053955051493373825, 0.0
-90.58125369300492,-3.187581675196709,0.0560916485795622, 0.0
-90.360533948689,-3.300531495187428,0.05812301615363385, 0.0
-90.13981420437307,-3.4134813151781467,0.0601543837277055, 0.0
-89.91909446005715,-3.526431135168865,0.06218575130177715, 0.0
-89.69837471574122,-3.639380955159584,0.0642171188758488, 0.0
-89.4772435245064,-3.737255481228097,0.06590761435357435, 0.0
-89.25611233327157,-3.835130007296611,0.06759810983129991, 0.0
-89.03498114203674,-3.933004533365124,0.06928860530902545, 0.0
-88.81384995080192,-4.030879059433637,0.070979100786751, 0.0
-88.58965580374323,-4.102358312089155,0.07210886743792824, 0.0
-88.36546165668454,-4.173837564744672,0.0732386340891055, 0.0
-88.14126750962586,-4.245316817400189,0.07436840074028275, 0.0
-87.91707336256717,-4.316796070055707,0.07549816739146, 0.0
-87.68550585960058,-4.35024705945059,0.0759061309005421, 0.0
-87.453938356634,-4.383698048845472,0.0763140944096242, 0.0
-87.22237085366741,-4.417149038240356,0.07672205791870629, 0.0
-86.99080335070083,-4.450600027635239,0.0771300214277884, 0.0
-86.75215373908821,-4.430163435026653,0.07674579344760697, 0.0
-86.51350412747558,-4.409726842418069,0.07636156546742555, 0.0
-86.27485451586296,-4.389290249809484,0.07597733748724413, 0.0
-86.03620490425034,-4.368853657200899,0.0755931095070627, 0.0
-85.79614784008237,-4.3042268475241405,0.07444829288659124, 0.0
-85.55609077591441,-4.239600037847383,0.0733034762661198, 0.0
-85.31603371174646,-4.174973228170625,0.07215865964564835, 0.0
-85.07597664757849,-4.110346418493867,0.0710138430251769, 0.0
-84.8372076232389,-4.026147260247432,0.06922969685323513, 0.0
-84.59843859889932,-3.941948102000997,0.06744555068129335, 0.0
-84.35966957455975,-3.857748943754562,0.06566140450935157, 0.0
-84.12090055022016,-3.773549785508127,0.0638772583374098, 0.0
-83.88412604476449,-3.6792255393798587,0.061634161502589255, 0.0
-83.6473515393088,-3.584901293251591,0.0593910646677687, 0.0
-83.41057703385312,-3.490577047123323,0.05714796783294815, 0.0
-83.17380252839745,-3.3962528009950548,0.0549048709981276, 0.0
-82.94148602092447,-3.3082554099548855,0.05240450222105687, 0.0
-82.70916951345149,-3.2202580189147163,0.04990413344398615, 0.0
-82.47685300597851,-3.1322606278745466,0.04740376466691543, 0.0
-82.24453649850554,-3.0442632368343774,0.0449033958898447, 0.0
-82.01143143848749,-2.961961885625233,0.0423344333829028, 0.0
-81.77832637846944,-2.8796605344160895,0.0397654708759609, 0.0
-81.54522131845138,-2.7973591832069453,0.037196508369019, 0.0
-81.31211625843333,-2.715057831997801,0.0346275458620771, 0.0
-81.07898158096997,-2.6323818817215745,0.03214157603360113, 0.0
-80.8458469035066,-2.5497059314453483,0.02965560620512515, 0.0
-80.61271222604323,-2.467029981169122,0.027169636376649174, 0.0
-80.37957754857986,-2.3843540308928954,0.0246836665481732, 0.0
-80.14586211014625,-2.301756869428467,0.022383079015673227, 0.0
-79.91214667171265,-2.2191597079640384,0.020082491483173252, 0.0
-79.67843123327904,-2.1365625464996096,0.017781903950673274, 0.0
-79.44471579484544,-2.0539653850351813,0.0154813164181733, 0.0
-79.20936896929743,-1.9729174886132483,0.01341769474834155, 0.0
-78.97402214374941,-1.8918695921913156,0.0113540730785098, 0.0
-78.73867531820139,-1.8108216957693828,0.009290451408678051, 0.0
-78.50332849265338,-1.7297737993474498,0.0072268297388463, 0.0
-78.26484293377024,-1.6532806253819647,0.00540735387447174, 0.0
-78.02635737488708,-1.5767874514164797,0.00358787801009718, 0.0
-77.78787181600393,-1.5002942774509949,0.0017684021457226203, 0.0
-77.54938625712079,-1.4238011034855098,-5.1073718651939184e-05, 0.0
-77.31127718837394,-1.3439049455065657,-0.0016516704985650294, 0.0
-77.07316811962707,-1.2640087875276214,-0.0032522672784781196, 0.0
-76.8350590508802,-1.1841126295486772,-0.00485286405839121, 0.0
-76.59694998213335,-1.1042164715697331,-0.0064534608383043, 0.0
-76.36046865009365,-1.0206002975413526,-0.007878086704769801, 0.0
-76.12398731805395,-0.9369841235129721,-0.0093027125712353, 0.0
-75.88750598601425,-0.8533679494845915,-0.010727338437700799, 0.0
-75.65102465397455,-0.769751775456211,-0.0121519643041663, 0.0
-75.41425210900955,-0.6886919142371799,-0.013446491679294924, 0.0
-75.17747956404455,-0.6076320530181488,-0.01474101905442355, 0.0
-74.94070701907955,-0.5265721917991177,-0.016035546429552173, 0.0
-74.70393447411456,-0.4455123305800866,-0.0173300738046808, 0.0
-74.46838147134862,-0.3611114755066944,-0.01853147373477075, 0.0
-74.23282846858268,-0.2767106204333022,-0.0197328736648607, 0.0
-73.99727546581673,-0.19230976535991,-0.020934273594950648, 0.0
-73.76172246305079,-0.1079089102865178,-0.0221356735250406, 0.0
-73.5270267766398,-0.013371229698718734,-0.023265109085039575, 0.0
-73.29233109022881,0.08116645088908034,-0.024394544645038548, 0.0
-73.05763540381783,0.17570413147687938,-0.025523980205037523, 0.0
-72.82293971740684,0.2702418120646785,-0.0266534157650365, 0.0
-72.58786006450153,0.3573113428487487,-0.0277156181082192, 0.0
-72.35278041159623,0.444380873632819,-0.028777820451401898, 0.0
-72.11770075869092,0.5314504044168892,-0.0298400227945846, 0.0
-71.8826211057856,0.6185199352009594,-0.0309022251377673, 0.0
-71.64713929057349,0.695835615561533,-0.031890662024395, 0.0
-71.41165747536138,0.7731512959221065,-0.0328790989110227, 0.0
-71.17617566014928,0.85046697628268,-0.0338675357976504, 0.0
-70.94069384493717,0.9277826566432535,-0.0348559726842781, 0.0
-70.70350569764013,0.9922321090450354,-0.035761075780292695, 0.0
-70.46631755034308,1.0566815614468172,-0.0366661788763073, 0.0
-70.22912940304603,1.1211310138485993,-0.0375712819723219, 0.0
-69.99194125574898,1.185580466250381,-0.0384763850683365, 0.0
-69.7514799139577,1.2333216016038036,-0.03929302313296922, 0.0
-69.51101857216639,1.281062736957226,-0.040109661197601953, 0.0
-69.2705572303751,1.3288038723106486,-0.04092629926223468, 0.0
-69.03009588858382,1.376545007664071,-0.0417429373268674, 0.0
-68.7848797410994,1.406156194729633,-0.042473820172056524, 0.0
-68.53966359361499,1.435767381795195,-0.043204703017245646, 0.0
-68.29444744613058,1.465378568860757,-0.043935585862434776, 0.0
-68.04923129864616,1.494989755926319,-0.0446664687076239, 0.0
-67.80076163786205,1.5074096064512266,-0.04531958594566115, 0.0
-67.55229197707794,1.519829456976134,-0.0459727031836984, 0.0
-67.30382231629385,1.5322493075010415,-0.04662582042173565, 0.0
-67.05535265550974,1.544669158025949,-0.0472789376597729, 0.0
-66.80546393888426,1.5452344079943372,-0.04785922192930843, 0.0
-66.55557522225878,1.5457996579627253,-0.04843950619884395, 0.0
-66.3056865056333,1.5463649079311133,-0.049019790468379475, 0.0
-66.05579778900783,1.5469301578995014,-0.049600074737915, 0.0
-65.80374882179149,1.547348363498176,-0.050098046046291776, 0.0
-65.55169985457513,1.5477665690968503,-0.05059601735466855, 0.0
-65.29965088735878,1.5481847746955248,-0.05109398866304533, 0.0
-65.04760192014244,1.5486029802941994,-0.0515919599714221, 0.0
-64.79531838383924,1.5485178396418444,-0.051973989746394875, 0.0
-64.54303484753603,1.5484326989894897,-0.05235601952136765, 0.0
-64.29075131123284,1.5483475583371349,-0.05273804929634043, 0.0
-64.03846777492964,1.54826241768478,-0.0531200790713132, 0.0
-63.7891430424216,1.5420905746959996,-0.05332457526001072, 0.0
-63.53981830991356,1.5359187317072194,-0.05352907144870825, 0.0
-63.290493577405506,1.529746888718439,-0.05373356763740578, 0.0
-63.04116884489746,1.5235750457296586,-0.0539380638261033, 0.0
-62.79327074225357,1.5033151233700628,-0.05387935038534832, 0.0
-62.54537263960967,1.4830552010104667,-0.05382063694459335, 0.0
-62.297474536965765,1.4627952786508707,-0.05376192350383838, 0.0
-62.04957643432187,1.4425353562912748,-0.0537032100630834, 0.0
-61.80065635454229,1.4174092255396789,-0.05328215687729783, 0.0
-61.5517362747627,1.392283094788083,-0.05286110369151225, 0.0
-61.30281619498312,1.3671569640364871,-0.05244005050572667, 0.0
-61.05389611520354,1.3420308332848911,-0.0520189973199411, 0.0
-60.810299427191005,1.2999643455385952,-0.05113820602068912, 0.0
-60.56670273917847,1.257897857792299,-0.050257414721437146, 0.0
-60.32310605116593,1.2158313700460028,-0.04937662342218518, 0.0
-60.07950936315339,1.1737648822997069,-0.0484958321229332, 0.0
-59.83907353821556,1.1189238697096024,-0.047077032561964875, 0.0
-59.598637713277725,1.0640828571194978,-0.04565823300099655, 0.0
-59.358201888339885,1.0092418445293934,-0.044239433440028224, 0.0
-59.11776606340205,0.9544008319392888,-0.0428206338790599, 0.0
-58.88189547182395,0.8868431303626036,-0.04082179921282322, 0.0
-58.646024880245854,0.8192854287859185,-0.03882296454658655, 0.0
-58.410154288667755,0.7517277272092333,-0.03682412988034987, 0.0
-58.174283697089656,0.6841700256325481,-0.0348252952141132, 0.0
-57.94720049690832,0.594494436816365,-0.03225452753302205, 0.0
-57.720117296727,0.504818848000182,-0.029683759851930898, 0.0
-57.493034096545664,0.4151432591839989,-0.02711299217083975, 0.0
-57.26595089636433,0.3254676703678158,-0.0245422244897486, 0.0
-57.04599348820663,0.21844422445148876,-0.021465252634168527, 0.0
-56.82603608004893,0.11142077853516172,-0.01838828077858845, 0.0
-56.606078671891225,0.004397332618834682,-0.015311308923008375, 0.0
-56.38612126373353,-0.1026261132974924,-0.0122343370674283, 0.0
-56.16866805525932,-0.21247295088005602,-0.008773468575533126, 0.0
-55.95121484678511,-0.32231978846261966,-0.0053126000836379505, 0.0
-55.73376163831091,-0.4321666260451833,-0.0018517315917427751, 0.0
-55.5163084298367,-0.5420134636277469,0.0016091369001524, 0.0
-55.29980843585609,-0.656568588236554,0.00528453583969035, 0.0
-55.08330844187548,-0.771123712845361,0.008959934779228301, 0.0
-54.86680844789487,-0.885678837454168,0.01263533371876625, 0.0
-54.65030845391426,-1.000233962062975,0.0163107326583042, 0.0
-54.43247189497292,-1.1173881423563379,0.020000106626120652, 0.0
-54.21463533603157,-1.2345423226497005,0.0236894805939371, 0.0
-53.99679877709022,-1.3516965029430632,0.027378854561753548, 0.0
-53.77896221814888,-1.468850683236426,0.03106822852957, 0.0
-53.55346201354442,-1.5672441562660604,0.034558867721664374, 0.0
-53.32796180893997,-1.6656376292956945,0.038049506913758746, 0.0
-53.10246160433552,-1.7640311023253288,0.04154014610585312, 0.0
-52.87696139973106,-1.862424575354963,0.0450307852979475, 0.0
-52.64286529527445,-1.9432278102213174,0.0481164779342392, 0.0
-52.408769190817836,-2.0240310450876713,0.0512021705705309, 0.0
-52.17467308636123,-2.1048342799540256,0.0542878632068226, 0.0
-51.94057698190462,-2.18563751482038,0.0573735558431143, 0.0
-51.70155168648516,-2.258392089234844,0.05987007063882825, 0.0
-51.4625263910657,-2.3311466636493083,0.062366585434542196, 0.0
-51.22350109564624,-2.4039012380637725,0.06486310023025615, 0.0
-50.98447580022678,-2.4766558124782367,0.0673596150259701, 0.0
-50.737065773754296,-2.528646997361834,0.06911630823306815, 0.0
-50.489655747281816,-2.5806381822454316,0.0708730014401662, 0.0
-50.242245720809336,-2.6326293671290286,0.07262969464726425, 0.0
-49.99483569433685,-2.684620552012626,0.0743863878543623, 0.0
-49.74373655890957,-2.716952261893786,0.0752950083087293, 0.0
-49.49263742348229,-2.749283971774945,0.0762036287630963, 0.0
-49.24153828805501,-2.7816156816561044,0.0771122492174633, 0.0
-48.99043915262773,-2.813947391537264,0.0780208696718303, 0.0
-48.74134336227303,-2.829158137314346,0.07802281296840732, 0.0
-48.49224757191832,-2.844368883091428,0.07802475626498435, 0.0
-48.24315178156361,-2.8595796288685102,0.07802669956156139, 0.0
-47.99405599120891,-2.8747903746455923,0.0780286428581384, 0.0
-47.748317937971876,-2.8653827140391375,0.07712097208096938, 0.0
-47.502579884734836,-2.855975053432682,0.07621330130380036, 0.0
-47.256841831497795,-2.846567392826227,0.07530563052663132, 0.0
-47.01110377826076,-2.837159732219772,0.0743979597494623, 0.0
-46.76821626901242,-2.8003295564873847,0.0726371582797222, 0.0
-46.52532875976408,-2.763499380754997,0.0708763568099821, 0.0
-46.28244125051573,-2.7266692050226093,0.069115555340242, 0.0
-46.03955374126739,-2.689839029290222,0.0673547538705019, 0.0
-45.80072501609879,-2.627112248666212,0.06485598588947303, 0.0
-45.56189629093019,-2.564385468042202,0.062357217908444146, 0.0
-45.32306756576159,-2.501658687418192,0.05985844992741528, 0.0
-45.08423884059299,-2.438931906794182,0.0573596819463864, 0.0
-44.849040222850974,-2.355022414869203,0.054289389160056656, 0.0
-44.61384160510896,-2.271112922944224,0.0512190963737269, 0.0
-44.37864298736694,-2.1872034310192454,0.04814880358739715, 0.0
-44.14344436962492,-2.103293939094266,0.0450785108010674, 0.0
-43.910332698681266,-2.0040908615247472,0.041639952860121975, 0.0
-43.677221027737616,-1.9048877839552287,0.038201394919176554, 0.0
-43.44410935679396,-1.8056847063857098,0.034762836978231126, 0.0
-43.2109976858503,-1.706481628816191,0.0313242790372857, 0.0
-42.9785619059066,-1.6095190644495874,0.027738193631310724, 0.0
-42.7461261259629,-1.5125565000829837,0.02415210822533575, 0.0
-42.51369034601921,-1.41559393571638,0.020566022819360773, 0.0
-42.28125456607551,-1.3186313713497764,0.0169799374133858, 0.0
-42.04865505798883,-1.2236753275864267,0.013464259782788524, 0.0
-41.81605554990216,-1.1287192838230773,0.00994858215219125, 0.0
-41.58345604181548,-1.0337632400597276,0.006432904521593974, 0.0
-41.3508565337288,-0.938807196296378,0.0029172268909967, 0.0
-41.1168170252247,-0.8481205936655685,-0.00033036494894970016, 0.0
-40.882777516720594,-0.7574339910347588,-0.0035779567888961, 0.0
-40.64873800821649,-0.6667473884039492,-0.0068255486288425, 0.0
-40.41469849971239,-0.5760607857731397,-0.0100731404687889, 0.0
-40.17834643173685,-0.4911569859604279,-0.0128879534429989, 0.0
-39.94199436376131,-0.40625318614771605,-0.0157027664172089, 0.0
-39.70564229578578,-0.3213493863350042,-0.0185175793914189, 0.0
-39.46929022781024,-0.2364455865222924,-0.0213323923656289, 0.0
-39.230587237359025,-0.15687073318263822,-0.023590904376187702, 0.0
-38.99188424690781,-0.07729587984298406,-0.025849416386746503, 0.0
-38.75318125645659,0.0022789734966701114,-0.0281079283973053, 0.0
-38.514478266005376,0.0818538268363243,-0.0303664404078641, 0.0
-38.27400376508114,0.15328788496146944,-0.031991168562037355, 0.0
-38.0335292641569,0.22472194308661456,-0.033615896716210604, 0.0
-37.79305476323266,0.29615600121175967,-0.03524062487038385, 0.0
-37.552580262308425,0.3675900593369048,-0.0368653530245571, 0.0
-37.3095260411482,0.4262438954137483,-0.03782739910585683, 0.0
-37.06647181998798,0.48489773149059184,-0.03878944518715655, 0.0
-36.82341759882777,0.5435515675674354,-0.03975149126845628, 0.0
-36.580363377667545,0.6022054036442789,-0.040713537349756, 0.0
-36.33543376194399,0.645933203339623,-0.041032813717830324, 0.0
-36.09050414622043,0.689661003034967,-0.04135209008590465, 0.0
-35.845574530496876,0.7333888027303112,-0.04167136645397898, 0.0
-35.60064491477332,0.7771166024256553,-0.0419906428220533, 0.0
-35.35351641358807,0.8032834769619045,-0.04173280808695165, 0.0
-35.10638791240282,0.8294503514981537,-0.041474973351850006, 0.0
-34.85925941121757,0.8556172260344029,-0.041217138616748354, 0.0
-34.61213091003232,0.8817841005706522,-0.0409593038816467, 0.0
-34.36274549585831,0.891932730779313,-0.0402281971515646, 0.0
-34.113360081684306,0.902081360987974,-0.0394970904214825, 0.0
-33.86397466751029,0.912229991196635,-0.0387659836914004, 0.0
-33.614589253336284,0.9223786214052958,-0.0380348769613183, 0.0
-33.36322520665466,0.9198694654816479,-0.036960058381763625, 0.0
-33.111861159973046,0.9173603095580002,-0.03588523980220895, 0.0
-32.86049711329142,0.9148511536343524,-0.03481042122265427, 0.0
-32.6091330666098,0.9123419977107046,-0.0337356026430996, 0.0
-32.357865632160234,0.9072737846918956,-0.032456263761222647, 0.0
-32.10659819771067,0.9022055716730866,-0.0311769248793457, 0.0
-31.855330763261094,0.8971373586542775,-0.02989758599746875, 0.0
-31.604063328811527,0.8920691456354685,-0.0286182471155918, 0.0
-31.352784227811867,0.8872335237496493,-0.0272663972249483, 0.0
-31.101505126812203,0.88239790186383,-0.025914547334304802, 0.0
-30.85022602581254,0.8775622799780108,-0.0245626974436613, 0.0
-30.59894692481288,0.8727266580921916,-0.0232108475530178, 0.0
-30.347993119175257,0.8690516119491202,-0.021897219256644177, 0.0
-30.09703931353764,0.8653765658060487,-0.02058359096027055, 0.0
-29.84608550790002,0.8617015196629773,-0.019269962663896925, 0.0
-29.5951317022624,0.8580264735199058,-0.0179563343675233, 0.0
-29.344349289637304,0.8569023593998937,-0.016761527303973175, 0.0
-29.093566877012208,0.8557782452798816,-0.01556672024042305, 0.0
-28.842784464387112,0.8546541311598694,-0.014371913176872926, 0.0
-28.592002051762016,0.8535300170398573,-0.0131771061133228, 0.0
-28.341207180237607,0.8524703932930533,-0.012148824063816625, 0.0
-28.090412308713198,0.8514107695462492,-0.01112054201431045, 0.0
-27.839617437188785,0.8503511457994452,-0.010092259964804276, 0.0
-27.588822565664376,0.8492915220526411,-0.0090639779152981, 0.0
-27.337945713477637,0.8490337437239199,-0.008219736343099224, 0.0
-27.087068861290902,0.8487759653951987,-0.00737549477090035, 0.0
-26.836192009104167,0.8485181870664774,-0.006531253198701475, 0.0
-26.585315156917428,0.8482604087377562,-0.0056870116265026, 0.0
-26.334472036173956,0.8452992682208996,-0.00502074552239455, 0.0
-26.08362891543048,0.842338127704043,-0.0043544794182865006, 0.0
-25.832785794687005,0.8393769871871865,-0.00368821331417845, 0.0
-25.581942673943534,0.8364158466703299,-0.0030219472100704, 0.0
-25.331123471739197,0.829764680682089,-0.00251247193120485, 0.0
-25.080304269534864,0.823113514693848,-0.0020029966523393, 0.0
-24.829485067330527,0.8164623487056071,-0.0014935213734737502, 0.0
-24.57866586512619,0.8098111827173662,-0.0009840460946082, 0.0
-24.327940756082526,0.7997870085587298,-0.0006032892735254751, 0.0
-24.077215647038862,0.7897628344000933,-0.00022253245244275004, 0.0
-23.826490537995195,0.7797386602414569,0.00015822436863997488, 0.0
-23.57576542895153,0.7697144860828204,0.0005389811897227, 0.0
-23.32520972288973,0.7549684761322413,0.000819588932165175, 0.0
-23.07465401682793,0.7402224661816621,0.00110019667460765, 0.0
-22.824098310766132,0.7254764562310829,0.0013808044170501251, 0.0
-22.573542604704333,0.7107304462805037,0.0016614121594926, 0.0
-22.32307773867842,0.6972001721421108,0.0018670830967751, 0.0
-22.072612872652506,0.6836698980037179,0.0020727540340576, 0.0
-21.82214800662659,0.670139623865325,0.0022784249713400997, 0.0
-21.57168314060068,0.6566093497269321,0.0024840959086226, 0.0
-21.321300416092935,0.6441433363323752,0.002635070332661525, 0.0
-21.070917691585194,0.6316773229378182,0.0027860447567004502, 0.0
-20.82053496707745,0.6192113095432612,0.002937019180739375, 0.0
-20.570152242569705,0.6067452961487043,0.0030879936047783, 0.0
-20.31989067641014,0.5928371455140506,0.0031993534083801, 0.0
-20.069629110250574,0.5789289948793971,0.0033107132119818998, 0.0
-19.819367544091005,0.5650208442447435,0.0034220730155837, 0.0
-19.56910597793144,0.5511126936100899,0.0035334328191855, 0.0
-19.318796152008872,0.5388539669898457,0.00361563582659105, 0.0
-19.06848632608631,0.5265952403696015,0.0036978388339966, 0.0
-18.818176500163744,0.5143365137493574,0.00378004184140215, 0.0
-18.567866674241177,0.5020777871291132,0.0038622448488077, 0.0
-18.317437532088608,0.49216827055652257,0.003921894966146175, 0.0
-18.06700838993604,0.4822587539839319,0.00398154508348465, 0.0
-17.81657924778347,0.47234923741134127,0.004041195200823125, 0.0
-17.5661501056309,0.4624397208387506,0.0041008453181616, 0.0
-17.31555688777066,0.4549069763004896,0.00414119763335435, 0.0
-17.064963669910426,0.44737423176222857,0.0041815499485471, 0.0
-16.81437045205019,0.43984148722396754,0.00422190226373985, 0.0
-16.563777234189953,0.4323087426857065,0.0042622545789326, 0.0
-16.312987699744397,0.4274631311454334,0.004282989499047925, 0.0
-16.062198165298845,0.42261751960516025,0.004303724419163249, 0.0
-15.811408630853292,0.4177719080648871,0.004324459339278575, 0.0
-15.560619096407738,0.412926296524614,0.0043451942593939, 0.0
-15.309722330400644,0.4080815155445905,0.004341466977267375, 0.0
-15.058825564393551,0.40323673456456693,0.00433773969514085, 0.0
-14.80792879838646,0.3983919535845434,0.004334012413014325, 0.0
-14.557032032379366,0.3935471726045199,0.0043302851308878, 0.0
-14.306224007271062,0.3839089555520134,0.0042918400301581, 0.0
-14.05541598216276,0.37427073849950687,0.0042533949294284, 0.0
-13.804607957054456,0.3646325214470003,0.004214949828698701, 0.0
-13.553799931946152,0.3549943043944938,0.004176504727969, 0.0
-13.303140776709926,0.3433770491816318,0.0040880687657715254, 0.0
-13.0524816214737,0.3317597939687698,0.0039996328035740505, 0.0
-12.801822466237475,0.3201425387559078,0.003911196841376575, 0.0
-12.551163311001249,0.3085252835430458,0.0038227608791791, 0.0
-12.300584561559797,0.30104985286443003,0.0036663794075951998, 0.0
-12.050005812118345,0.29357442218581425,0.0035099979360112997, 0.0
-11.799427062676893,0.2860989915071985,0.0033536164644274, 0.0
-11.54884831323544,0.2786235608285827,0.0031972349928435, 0.0
-11.298337736598999,0.27231504016809505,0.002956060730713, 0.0
-11.047827159962555,0.2660065195076074,0.0027148864685824997, 0.0
-10.797316583326111,0.25969799884711975,0.002473712206452, 0.0
-10.54680600668967,0.2533894781866321,0.0022325379443215, 0.0
-10.296314628311807,0.2478359692799615,0.001894963600515425, 0.0
-10.045823249933946,0.24228246037329085,0.0015573892567093501, 0.0
-9.795331871556083,0.2367289514666202,0.001219814912903275, 0.0
-9.54484049317822,0.2311754425599496,0.0008822405690972, 0.0
-9.294267972125262,0.22688165870903562,0.000445545345428725, 0.0
-9.0436954510723,0.22258787485812165,8.85012176025002e-06, 0.0
-8.79312293001934,0.21829409100720767,-0.00042784510190822496, 0.0
-8.542550408966381,0.2140003071562937,-0.0008645403255767, 0.0
-8.291899699040112,0.21147939394934764,-0.001391456408407225, 0.0
-8.041248989113843,0.2089584807424016,-0.00191837249123775, 0.0
-7.790598279187575,0.20643756753545556,-0.002445288574068275, 0.0
-7.539947569261306,0.2039166543285095,-0.0029722046568988, 0.0
-7.289208718732537,0.2037677370322355,-0.0035675183467698, 0.0
-7.038469868203767,0.20361881973596152,-0.0041628320366408, 0.0
-6.7877310176749965,0.20346990243968752,-0.0047581457265118005, 0.0
-6.536992167146227,0.2033209851434135,-0.0053534594163828, 0.0
-6.285712566620854,0.20848546991302272,-0.0059834059189154, 0.0
-6.034432966095482,0.21364995468263193,-0.006613352421448001, 0.0
-5.783153365570109,0.2188144394522411,-0.007243298923980601, 0.0
-5.531873765044736,0.2239789242218503,-0.0078732454265132, 0.0
-5.280306978440879,0.22958053057126873,-0.008496145274257301, 0.0
-5.028740191837022,0.23518213692068715,-0.009119045122001401, 0.0
-4.777173405233164,0.24078374327010557,-0.0097419449697455, 0.0
-4.525606618629307,0.246385349619524,-0.0103648448174896, 0.0
-4.274497182410213,0.24731139024219875,-0.01093802837744735, 0.0
-4.023387746191119,0.2482374308648735,-0.0115112119374051, 0.0
-3.772278309972026,0.24916347148754825,-0.01208439549736285, 0.0
-3.5211688737529325,0.250089512110223,-0.0126575790573206, 0.0
-3.27098293669339,0.24354223091472876,-0.013145661365565501, 0.0
-3.0207969996338475,0.23699494971923452,-0.0136337436738104, 0.0
-2.770611062574305,0.23044766852374024,-0.0141218259820553, 0.0
-2.5204251255147625,0.223900387328246,-0.0146099082903002, 0.0
-2.2715941123104457,0.20668095283887528,-0.0149917876084092, 0.0
-2.022763099106129,0.18946151834950453,-0.0153736669265182, 0.0
-1.7739320859018122,0.17224208386013382,-0.0157555462446272, 0.0
-1.5251010726974954,0.1550226493707631,-0.0161374255627362, 0.0
-1.2780564080440713,0.12393223011180825,-0.01640928521068855, 0.0
-1.0310117433906472,0.0928418108528534,-0.0166811448586409, 0.0
-0.783967078737223,0.061751391593898544,-0.01695300450659325, 0.0
-0.5369224140837989,0.0306609723349437,-0.0172248641545456, 0.0
-0.2920955226769335,-0.017499263169302948,-0.017397899747658326, 0.0
-0.047268631270068084,-0.06565949867354959,-0.017570935340771053, 0.0
0.19755826013679734,-0.11381973417779626,-0.017743970933883777, 0.0
0.4423851515436627,-0.1619799696820429,-0.0179170065269965, 0.0